"","storm_number","storm_name","typea","datesb_utc","max_winds_kt","min_pressure_mb","accumulated_cyclone_energyc_x104_kt2","direct_deathsd","u_s_damagee_million","tropical_cyclone_report_status","year","basin","source"
"1",1,"Unnamed","TS","02 Jul–05 Jul",45,1000,1.3,NA,NA,NA,1991,"Atlantic","https://www.nhc.noaa.gov/data/tcr/index.php?season=1991&basin=atl"
"2",2,"Unnamed","TD","05 Jul–07 Jul",30,NA,0,NA,NA,NA,1991,"Atlantic","https://www.nhc.noaa.gov/data/tcr/index.php?season=1991&basin=atl"
"3",3,"Bob","MH","16 Aug–20 Aug",100,950,8,NA,NA,NA,1991,"Atlantic","https://www.nhc.noaa.gov/data/tcr/index.php?season=1991&basin=atl"
"4",4,"Unnamed","TD","24 Aug–26 Aug",30,NA,0,NA,NA,NA,1991,"Atlantic","https://www.nhc.noaa.gov/data/tcr/index.php?season=1991&basin=atl"
"5",5,"Unnamed","TD","28 Aug–31 Aug",30,NA,0,NA,NA,NA,1991,"Atlantic","https://www.nhc.noaa.gov/data/tcr/index.php?season=1991&basin=atl"
"6",6,"Claudette","MH","04 Sep–12 Sep",115,944,14,NA,NA,NA,1991,"Atlantic","https://www.nhc.noaa.gov/data/tcr/index.php?season=1991&basin=atl"
"7",7,"Danny","TS","07 Sep–11 Sep",45,998,2.1,NA,NA,NA,1991,"Atlantic","https://www.nhc.noaa.gov/data/tcr/index.php?season=1991&basin=atl"
"8",8,"Erika","TS","08 Sep–12 Sep",50,997,2,NA,NA,NA,1991,"Atlantic","https://www.nhc.noaa.gov/data/tcr/index.php?season=1991&basin=atl"
"9",9,"Fabian","TS","15 Oct–16 Oct",40,1002,0.8,NA,NA,NA,1991,"Atlantic","https://www.nhc.noaa.gov/data/tcr/index.php?season=1991&basin=atl"
"10",10,"Unnamed","TD","24 Oct–25 Oct",25,NA,0,NA,NA,NA,1991,"Atlantic","https://www.nhc.noaa.gov/data/tcr/index.php?season=1991&basin=atl"
"11",11,"Grace","HU","25 Oct–29 Oct",90,980,5,NA,NA,NA,1991,"Atlantic","https://www.nhc.noaa.gov/data/tcr/index.php?season=1991&basin=atl"
"12",12,"Unnamed","HU","31 Oct–02 Nov",65,980,2.5,NA,NA,NA,1991,"Atlantic","https://www.nhc.noaa.gov/data/tcr/index.php?season=1991&basin=atl"
"13",1,"Andres","TS","16 May–20 May",55,994,2.5,NA,NA,NA,1991,"Eastern Pacific","https://www.nhc.noaa.gov/data/tcr/index.php?season=1991&basin=epac"
"14",2,"Blanca","TS","14 Jun–22 Jun",55,994,3.5,NA,NA,NA,1991,"Eastern Pacific","https://www.nhc.noaa.gov/data/tcr/index.php?season=1991&basin=epac"
"15",3,"Carlos","MH","16 Jun–27 Jun",105,955,22.1,NA,NA,NA,1991,"Eastern Pacific","https://www.nhc.noaa.gov/data/tcr/index.php?season=1991&basin=epac"
"16",4,"Delores","HU","22 Jun–28 Jun",75,979,5.5,NA,NA,NA,1991,"Eastern Pacific","https://www.nhc.noaa.gov/data/tcr/index.php?season=1991&basin=epac"
"17",5,"Unnamed","TD","28 Jun–30 Jun",30,NA,0,NA,NA,NA,1991,"Eastern Pacific","https://www.nhc.noaa.gov/data/tcr/index.php?season=1991&basin=epac"
"18",6,"Enrique","HU","15 Jul–21 Jul",65,987,3.5,NA,NA,NA,1991,"Eastern Pacific","https://www.nhc.noaa.gov/data/tcr/index.php?season=1991&basin=epac"
"19",7,"Fefa","MH","29 Jul–08 Aug",105,959,15.9,NA,NA,NA,1991,"Eastern Pacific","https://www.nhc.noaa.gov/data/tcr/index.php?season=1991&basin=epac"
"20",8,"Guillermo","HU","04 Aug–10 Aug",70,983,6,NA,NA,NA,1991,"Eastern Pacific","https://www.nhc.noaa.gov/data/tcr/index.php?season=1991&basin=epac"
"21",9,"Hilda","TS","08 Aug–14 Aug",55,992,3.1,NA,NA,NA,1991,"Eastern Pacific","https://www.nhc.noaa.gov/data/tcr/index.php?season=1991&basin=epac"
"22",10,"Unnamed","TD","12 Sep–14 Sep",30,NA,0,NA,NA,NA,1991,"Eastern Pacific","https://www.nhc.noaa.gov/data/tcr/index.php?season=1991&basin=epac"
"23",11,"Ignacio","TS","16 Sep–19 Sep",55,994,1.9,NA,NA,NA,1991,"Eastern Pacific","https://www.nhc.noaa.gov/data/tcr/index.php?season=1991&basin=epac"
"24",12,"Jimena","MH","20 Sep–02 Oct",115,945,33.3,NA,NA,NA,1991,"Eastern Pacific","https://www.nhc.noaa.gov/data/tcr/index.php?season=1991&basin=epac"
"25",13,"Kevin","MH","25 Sep–12 Oct",125,935,50.4,NA,NA,NA,1991,"Eastern Pacific","https://www.nhc.noaa.gov/data/tcr/index.php?season=1991&basin=epac"
"26",14,"Linda","MH","03 Oct–13 Oct",105,957,10.3,NA,NA,NA,1991,"Eastern Pacific","https://www.nhc.noaa.gov/data/tcr/index.php?season=1991&basin=epac"
"27",15,"Marty","HU","07 Oct–18 Oct",70,979,7.6,NA,NA,NA,1991,"Eastern Pacific","https://www.nhc.noaa.gov/data/tcr/index.php?season=1991&basin=epac"
"28",16,"Nora","HU","07 Nov–12 Nov",90,970,7.2,NA,NA,NA,1991,"Eastern Pacific","https://www.nhc.noaa.gov/data/tcr/index.php?season=1991&basin=epac"
"29",6,"Enrique","HU^","15 Jul–21 Jul",65,987,0,NA,NA,NA,1991,"Central Pacific","https://www.nhc.noaa.gov/data/tcr/index.php?season=1991&basin=cpac"
"30",7,"Fefa","MH^","29 Jul–08 Aug",105,959,3.7,NA,NA,NA,1991,"Central Pacific","https://www.nhc.noaa.gov/data/tcr/index.php?season=1991&basin=cpac"
"31",13,"Kevin","MH^","25 Sep–12 Oct",125,935,2.3,NA,NA,NA,1991,"Central Pacific","https://www.nhc.noaa.gov/data/tcr/index.php?season=1991&basin=cpac"
"32",1,"Subtrop","SS","21 Apr–24 Apr",45,1002,1.1,NA,NA,NA,1992,"Atlantic","https://www.nhc.noaa.gov/data/tcr/index.php?season=1992&basin=atl"
"33",2,"Unnamed","TD","25 Jun–26 Jun",30,NA,0,NA,NA,NA,1992,"Atlantic","https://www.nhc.noaa.gov/data/tcr/index.php?season=1992&basin=atl"
"34",3,"Unnamed","TD","24 Jul–26 Jul",30,NA,0,NA,NA,NA,1992,"Atlantic","https://www.nhc.noaa.gov/data/tcr/index.php?season=1992&basin=atl"
"35",4,"Andrew","MH","16 Aug–28 Aug",150,922,28.4,NA,NA,NA,1992,"Atlantic","https://www.nhc.noaa.gov/data/tcr/index.php?season=1992&basin=atl"
"36",5,"Bonnie","HU","17 Sep–30 Sep",95,965,23.1,NA,NA,NA,1992,"Atlantic","https://www.nhc.noaa.gov/data/tcr/index.php?season=1992&basin=atl"
"37",6,"Charley","HU","21 Sep–27 Sep",95,965,10.9,NA,NA,NA,1992,"Atlantic","https://www.nhc.noaa.gov/data/tcr/index.php?season=1992&basin=atl"
"38",7,"Danielle","TS","22 Sep–26 Sep",55,1001,2.9,NA,NA,NA,1992,"Atlantic","https://www.nhc.noaa.gov/data/tcr/index.php?season=1992&basin=atl"
"39",8,"Unnamed","TD","25 Sep–01 Oct",30,NA,0,NA,NA,NA,1992,"Atlantic","https://www.nhc.noaa.gov/data/tcr/index.php?season=1992&basin=atl"
"40",9,"Earl","TS","26 Sep–03 Oct",55,990,3.3,NA,NA,NA,1992,"Atlantic","https://www.nhc.noaa.gov/data/tcr/index.php?season=1992&basin=atl"
"41",10,"Frances","HU","23 Oct–27 Oct",75,976,6.5,NA,NA,NA,1992,"Atlantic","https://www.nhc.noaa.gov/data/tcr/index.php?season=1992&basin=atl"
"42",1,"Agatha","TS","01 Jun–05 Jun",60,990,3.1,NA,NA,NA,1992,"Eastern Pacific","https://www.nhc.noaa.gov/data/tcr/index.php?season=1992&basin=epac"
"43",2,"Unnamed","TD","16 Jun–18 Jun",30,NA,0,NA,NA,NA,1992,"Eastern Pacific","https://www.nhc.noaa.gov/data/tcr/index.php?season=1992&basin=epac"
"44",3,"Blas","TS","22 Jun–23 Jun",35,1004,0.4,NA,NA,NA,1992,"Eastern Pacific","https://www.nhc.noaa.gov/data/tcr/index.php?season=1992&basin=epac"
"45",4,"Celia","MH","22 Jun–04 Jul",125,935,26.9,NA,NA,NA,1992,"Eastern Pacific","https://www.nhc.noaa.gov/data/tcr/index.php?season=1992&basin=epac"
"46",5,"Darby","MH","02 Jul–10 Jul",105,968,11.5,NA,NA,NA,1992,"Eastern Pacific","https://www.nhc.noaa.gov/data/tcr/index.php?season=1992&basin=epac"
"47",6,"Estelle","MH","09 Jul–17 Jul",120,943,18.7,NA,NA,NA,1992,"Eastern Pacific","https://www.nhc.noaa.gov/data/tcr/index.php?season=1992&basin=epac"
"48",7,"Frank","MH","13 Jul–23 Jul",125,935,26,NA,NA,NA,1992,"Eastern Pacific","https://www.nhc.noaa.gov/data/tcr/index.php?season=1992&basin=epac"
"49",8,"Georgette","HU","14 Jul–26 Jul",95,964,20.8,NA,NA,NA,1992,"Eastern Pacific","https://www.nhc.noaa.gov/data/tcr/index.php?season=1992&basin=epac"
"50",9,"Howard","TS","26 Jul–30 Jul",55,992,2.8,NA,NA,NA,1992,"Eastern Pacific","https://www.nhc.noaa.gov/data/tcr/index.php?season=1992&basin=epac"
"51",10,"Isis","TS","28 Jul–02 Aug",55,992,3.2,NA,NA,NA,1992,"Eastern Pacific","https://www.nhc.noaa.gov/data/tcr/index.php?season=1992&basin=epac"
"52",11,"Javier","HU","30 Jul–12 Aug",70,985,6.9,NA,NA,NA,1992,"Eastern Pacific","https://www.nhc.noaa.gov/data/tcr/index.php?season=1992&basin=epac"
"53",12,"Unnamed","TD","10 Aug–13 Aug",30,NA,0,NA,NA,NA,1992,"Eastern Pacific","https://www.nhc.noaa.gov/data/tcr/index.php?season=1992&basin=epac"
"54",13,"Kay","TS","18 Aug–22 Aug",45,1000,1.6,NA,NA,NA,1992,"Eastern Pacific","https://www.nhc.noaa.gov/data/tcr/index.php?season=1992&basin=epac"
"55",14,"Lester","HU","20 Aug–24 Aug",70,985,3.9,NA,NA,NA,1992,"Eastern Pacific","https://www.nhc.noaa.gov/data/tcr/index.php?season=1992&basin=epac"
"56",15,"Madeline","TS","27 Aug–31 Aug",45,999,1.8,NA,NA,NA,1992,"Eastern Pacific","https://www.nhc.noaa.gov/data/tcr/index.php?season=1992&basin=epac"
"57",16,"Newton","TS","27 Aug–31 Aug",45,999,2.1,NA,NA,NA,1992,"Eastern Pacific","https://www.nhc.noaa.gov/data/tcr/index.php?season=1992&basin=epac"
"58",17,"Orlene","MH","02 Sep–14 Sep",125,934,32.4,NA,NA,NA,1992,"Eastern Pacific","https://www.nhc.noaa.gov/data/tcr/index.php?season=1992&basin=epac"
"59",18,"Iniki","MH^","05 Sep–13 Sep",125,938,0,NA,NA,NA,1992,"Eastern Pacific","https://www.nhc.noaa.gov/data/tcr/index.php?season=1992&basin=epac"
"60",19,"Paine","HU","11 Sep–16 Sep",65,987,5.6,NA,NA,NA,1992,"Eastern Pacific","https://www.nhc.noaa.gov/data/tcr/index.php?season=1992&basin=epac"
"61",20,"Roslyn","HU","13 Sep–30 Sep",85,975,12.5,NA,NA,NA,1992,"Eastern Pacific","https://www.nhc.noaa.gov/data/tcr/index.php?season=1992&basin=epac"
"62",21,"Seymore","HU","17 Sep–27 Sep",75,980,9.8,NA,NA,NA,1992,"Eastern Pacific","https://www.nhc.noaa.gov/data/tcr/index.php?season=1992&basin=epac"
"63",22,"Tina","MH","17 Sep–11 Oct",130,932,47.7,NA,NA,NA,1992,"Eastern Pacific","https://www.nhc.noaa.gov/data/tcr/index.php?season=1992&basin=epac"
"64",23,"Virgil","MH","01 Oct–05 Oct",115,948,8,NA,NA,NA,1992,"Eastern Pacific","https://www.nhc.noaa.gov/data/tcr/index.php?season=1992&basin=epac"
"65",24,"Winifred","MH","06 Oct–10 Oct",100,960,6,NA,NA,NA,1992,"Eastern Pacific","https://www.nhc.noaa.gov/data/tcr/index.php?season=1992&basin=epac"
"66",25,"Xavier","TS","13 Oct–15 Oct",40,1003,0.4,NA,NA,NA,1992,"Eastern Pacific","https://www.nhc.noaa.gov/data/tcr/index.php?season=1992&basin=epac"
"67",26,"Yolanda","TS","15 Oct–22 Oct",55,993,4,NA,NA,NA,1992,"Eastern Pacific","https://www.nhc.noaa.gov/data/tcr/index.php?season=1992&basin=epac"
"68",27,"Zeke","TS","25 Oct–30 Oct",45,1000,2,NA,NA,NA,1992,"Eastern Pacific","https://www.nhc.noaa.gov/data/tcr/index.php?season=1992&basin=epac"
"69",1,"Ekeka","MH","26 Jan–09 Feb",100,NA,13.4,NA,NA,NA,1992,"Central Pacific","https://www.nhc.noaa.gov/data/tcr/index.php?season=1992&basin=cpac"
"70",2,"Hali","TS","28 Mar–30 Mar",45,NA,0.6,NA,NA,NA,1992,"Central Pacific","https://www.nhc.noaa.gov/data/tcr/index.php?season=1992&basin=cpac"
"71",7,"Frank","MH^","13 Jul–23 Jul",125,935,0.5,NA,NA,NA,1992,"Central Pacific","https://www.nhc.noaa.gov/data/tcr/index.php?season=1992&basin=cpac"
"72",8,"Georgette","HU^","14 Jul–26 Jul",95,964,0,NA,NA,NA,1992,"Central Pacific","https://www.nhc.noaa.gov/data/tcr/index.php?season=1992&basin=cpac"
"73",11,"Javier","HU^","30 Jul–12 Aug",70,985,0.6,NA,NA,NA,1992,"Central Pacific","https://www.nhc.noaa.gov/data/tcr/index.php?season=1992&basin=cpac"
"74",15,"Madeline","TS^","27 Aug–31 Aug",45,999,0,NA,NA,NA,1992,"Central Pacific","https://www.nhc.noaa.gov/data/tcr/index.php?season=1992&basin=cpac"
"75",17,"Orlene","MH^","02 Sep–14 Sep",125,934,0.2,NA,NA,NA,1992,"Central Pacific","https://www.nhc.noaa.gov/data/tcr/index.php?season=1992&basin=cpac"
"76",18,"Iniki","MH","05 Sep–13 Sep",125,938,16.5,NA,NA,NA,1992,"Central Pacific","https://www.nhc.noaa.gov/data/tcr/index.php?season=1992&basin=cpac"
"77",20,"Roslyn","HU^","13 Sep–30 Sep",85,975,4.8,NA,NA,NA,1992,"Central Pacific","https://www.nhc.noaa.gov/data/tcr/index.php?season=1992&basin=cpac"
"78",22,"Tina","MH^","17 Sep–11 Oct",130,932,0,NA,NA,NA,1992,"Central Pacific","https://www.nhc.noaa.gov/data/tcr/index.php?season=1992&basin=cpac"
"79",26,"Yolanda","TS^","15 Oct–22 Oct",55,993,0,NA,NA,NA,1992,"Central Pacific","https://www.nhc.noaa.gov/data/tcr/index.php?season=1992&basin=cpac"
"80",3,"Unnamed","TD","22 Nov–23 Nov",30,NA,0,NA,NA,NA,1992,"Central Pacific","https://www.nhc.noaa.gov/data/tcr/index.php?season=1992&basin=cpac"
"81",1,"One","TD","31 May–02 Jun",30,999,0,NA,NA,NA,1993,"Atlantic","https://www.nhc.noaa.gov/data/tcr/index.php?season=1993&basin=atl"
"82",2,"Arlene","TS","18 Jun–21 Jun",35,1000,0.5,NA,NA,NA,1993,"Atlantic","https://www.nhc.noaa.gov/data/tcr/index.php?season=1993&basin=atl"
"83",3,"Bret","TS","04 Aug–11 Aug",50,1002,3.9,NA,NA,NA,1993,"Atlantic","https://www.nhc.noaa.gov/data/tcr/index.php?season=1993&basin=atl"
"84",4,"Cindy","TS","14 Aug–17 Aug",40,1007,1.1,NA,NA,NA,1993,"Atlantic","https://www.nhc.noaa.gov/data/tcr/index.php?season=1993&basin=atl"
"85",5,"Emily","MH","22 Aug–06 Sep",100,960,22.1,NA,NA,NA,1993,"Atlantic","https://www.nhc.noaa.gov/data/tcr/index.php?season=1993&basin=atl"
"86",6,"Dennis","TS","23 Aug–28 Aug",45,1000,2.1,NA,NA,NA,1993,"Atlantic","https://www.nhc.noaa.gov/data/tcr/index.php?season=1993&basin=atl"
"87",7,"Floyd","HU","07 Sep–10 Sep",65,990,3.1,NA,NA,NA,1993,"Atlantic","https://www.nhc.noaa.gov/data/tcr/index.php?season=1993&basin=atl"
"88",8,"Gert","HU","14 Sep–21 Sep",85,970,3.8,NA,NA,NA,1993,"Atlantic","https://www.nhc.noaa.gov/data/tcr/index.php?season=1993&basin=atl"
"89",9,"Harvey","HU","18 Sep–21 Sep",65,990,1.7,NA,NA,NA,1993,"Atlantic","https://www.nhc.noaa.gov/data/tcr/index.php?season=1993&basin=atl"
"90",10,"Unnamed","TD","29 Sep–30 Sep",30,NA,0,NA,NA,NA,1993,"Atlantic","https://www.nhc.noaa.gov/data/tcr/index.php?season=1993&basin=atl"
"91",1,"Adrian","HU","11 Jun–19 Jun",75,979,6.1,NA,NA,NA,1993,"Eastern Pacific","https://www.nhc.noaa.gov/data/tcr/index.php?season=1993&basin=epac"
"92",2,"Beatriz","TS","18 Jun–20 Jun",55,995,1.2,NA,NA,NA,1993,"Eastern Pacific","https://www.nhc.noaa.gov/data/tcr/index.php?season=1993&basin=epac"
"93",3,"Unnamed","TD","27 Jun–02 Jul",30,NA,0,NA,NA,NA,1993,"Eastern Pacific","https://www.nhc.noaa.gov/data/tcr/index.php?season=1993&basin=epac"
"94",4,"Calvin","HU","04 Jul–09 Jul",95,966,7.6,NA,NA,NA,1993,"Eastern Pacific","https://www.nhc.noaa.gov/data/tcr/index.php?season=1993&basin=epac"
"95",5,"Dora","MH","14 Jul–20 Jul",115,945,13.2,NA,NA,NA,1993,"Eastern Pacific","https://www.nhc.noaa.gov/data/tcr/index.php?season=1993&basin=epac"
"96",6,"Eugene","MH","15 Jul–25 Jul",110,948,19.4,NA,NA,NA,1993,"Eastern Pacific","https://www.nhc.noaa.gov/data/tcr/index.php?season=1993&basin=epac"
"97",7,"Fernanda","MH","09 Aug–19 Aug",125,934,18.2,NA,NA,NA,1993,"Eastern Pacific","https://www.nhc.noaa.gov/data/tcr/index.php?season=1993&basin=epac"
"98",8,"Greg","MH","15 Aug–28 Aug",115,948,32.3,NA,NA,NA,1993,"Eastern Pacific","https://www.nhc.noaa.gov/data/tcr/index.php?season=1993&basin=epac"
"99",9,"Hilary","MH","17 Aug–27 Aug",105,957,15.2,NA,NA,NA,1993,"Eastern Pacific","https://www.nhc.noaa.gov/data/tcr/index.php?season=1993&basin=epac"
"100",10,"Irwin","TS","21 Aug–22 Aug",60,999,1,NA,NA,NA,1993,"Eastern Pacific","https://www.nhc.noaa.gov/data/tcr/index.php?season=1993&basin=epac"
"101",11,"Jova","MH","29 Aug–05 Sep",115,948,14.6,NA,NA,NA,1993,"Eastern Pacific","https://www.nhc.noaa.gov/data/tcr/index.php?season=1993&basin=epac"
"102",12,"Kenneth","MH","05 Sep–17 Sep",130,932,26.3,NA,NA,NA,1993,"Eastern Pacific","https://www.nhc.noaa.gov/data/tcr/index.php?season=1993&basin=epac"
"103",13,"Lidia","MH","08 Sep–14 Sep",130,930,14.3,NA,NA,NA,1993,"Eastern Pacific","https://www.nhc.noaa.gov/data/tcr/index.php?season=1993&basin=epac"
"104",14,"Unnamed","TD","21 Sep–26 Sep",30,NA,0,NA,NA,NA,1993,"Eastern Pacific","https://www.nhc.noaa.gov/data/tcr/index.php?season=1993&basin=epac"
"105",15,"Max","TS","30 Sep–04 Oct",40,1000,1.2,NA,NA,NA,1993,"Eastern Pacific","https://www.nhc.noaa.gov/data/tcr/index.php?season=1993&basin=epac"
"106",16,"Norma","TS","02 Oct–06 Oct",45,1000,1,NA,NA,NA,1993,"Eastern Pacific","https://www.nhc.noaa.gov/data/tcr/index.php?season=1993&basin=epac"
"107",17,"Unnamed","TD","11 Oct–14 Oct",30,NA,0,NA,NA,NA,1993,"Eastern Pacific","https://www.nhc.noaa.gov/data/tcr/index.php?season=1993&basin=epac"
"108",5,"Dora","MH^","14 Jul–20 Jul",115,945,0,NA,NA,NA,1993,"Central Pacific","https://www.nhc.noaa.gov/data/tcr/index.php?season=1993&basin=cpac"
"109",6,"Eugene","MH^","15 Jul–25 Jul",110,948,0.4,NA,NA,NA,1993,"Central Pacific","https://www.nhc.noaa.gov/data/tcr/index.php?season=1993&basin=cpac"
"110",1,"Keoni","MH","09 Aug–29 Aug",115,NA,19.7,NA,NA,NA,1993,"Central Pacific","https://www.nhc.noaa.gov/data/tcr/index.php?season=1993&basin=cpac"
"111",7,"Fernanda","MH^","09 Aug–19 Aug",125,934,10.3,NA,NA,NA,1993,"Central Pacific","https://www.nhc.noaa.gov/data/tcr/index.php?season=1993&basin=cpac"
"112",8,"Greg","MH^","15 Aug–28 Aug",115,948,0,NA,NA,NA,1993,"Central Pacific","https://www.nhc.noaa.gov/data/tcr/index.php?season=1993&basin=cpac"
"113",1,"Alberto","TS","30 Jun–07 Jul",55,993,1.6,NA,NA,NA,1994,"Atlantic","https://www.nhc.noaa.gov/data/tcr/index.php?season=1994&basin=atl"
"114",2,"Unnamed","TD","20 Jul–21 Jul",30,NA,0,NA,NA,NA,1994,"Atlantic","https://www.nhc.noaa.gov/data/tcr/index.php?season=1994&basin=atl"
"115",3,"Beryl","TS","14 Aug–19 Aug",50,999,0.8,NA,NA,NA,1994,"Atlantic","https://www.nhc.noaa.gov/data/tcr/index.php?season=1994&basin=atl"
"116",4,"Chris","HU","16 Aug–23 Aug",70,979,7.5,NA,NA,NA,1994,"Atlantic","https://www.nhc.noaa.gov/data/tcr/index.php?season=1994&basin=atl"
"117",5,"Unnamed","TD","29 Aug–31 Aug",30,NA,0,NA,NA,NA,1994,"Atlantic","https://www.nhc.noaa.gov/data/tcr/index.php?season=1994&basin=atl"
"118",6,"Debby","TS","09 Sep–11 Sep",60,1006,1.4,NA,NA,NA,1994,"Atlantic","https://www.nhc.noaa.gov/data/tcr/index.php?season=1994&basin=atl"
"119",7,"Ernesto","TS","21 Sep–26 Sep",50,997,1.5,NA,NA,NA,1994,"Atlantic","https://www.nhc.noaa.gov/data/tcr/index.php?season=1994&basin=atl"
"120",8,"Unnamed","TD^","24 Sep–26 Sep",30,NA,0,NA,NA,NA,1994,"Atlantic","https://www.nhc.noaa.gov/data/tcr/index.php?season=1994&basin=atl"
"121",9,"Unnamed","TD","27 Sep–29 Sep",30,NA,0,NA,NA,NA,1994,"Atlantic","https://www.nhc.noaa.gov/data/tcr/index.php?season=1994&basin=atl"
"122",10,"Unnamed","TD","29 Sep–30 Sep",30,NA,0,NA,NA,NA,1994,"Atlantic","https://www.nhc.noaa.gov/data/tcr/index.php?season=1994&basin=atl"
"123",11,"Florence","HU","02 Nov–08 Nov",95,972,10.9,NA,NA,NA,1994,"Atlantic","https://www.nhc.noaa.gov/data/tcr/index.php?season=1994&basin=atl"
"124",12,"Gordon","HU","08 Nov–21 Nov",75,980,8.4,NA,NA,NA,1994,"Atlantic","https://www.nhc.noaa.gov/data/tcr/index.php?season=1994&basin=atl"
"125",1,"Aletta","TS","18 Jun–23 Jun",45,999,1.4,NA,NA,NA,1994,"Eastern Pacific","https://www.nhc.noaa.gov/data/tcr/index.php?season=1994&basin=epac"
"126",2,"Bud","TS","27 Jun–29 Jun",40,1003,0.6,NA,NA,NA,1994,"Eastern Pacific","https://www.nhc.noaa.gov/data/tcr/index.php?season=1994&basin=epac"
"127",3,"Carlotta","HU","28 Jun–05 Jul",90,967,10.5,NA,NA,NA,1994,"Eastern Pacific","https://www.nhc.noaa.gov/data/tcr/index.php?season=1994&basin=epac"
"128",4,"Daniel","TS","08 Jul–14 Jul",55,993,2.9,NA,NA,NA,1994,"Eastern Pacific","https://www.nhc.noaa.gov/data/tcr/index.php?season=1994&basin=epac"
"129",5,"Emilia","MH^","16 Jul–25 Jul",140,926,1.7,NA,NA,NA,1994,"Eastern Pacific","https://www.nhc.noaa.gov/data/tcr/index.php?season=1994&basin=epac"
"130",6,"Fabio","TS","19 Jul–24 Jul",40,1002,0.7,NA,NA,NA,1994,"Eastern Pacific","https://www.nhc.noaa.gov/data/tcr/index.php?season=1994&basin=epac"
"131",7,"Gilma","MH^","21 Jul–31 Jul",140,920,5.8,NA,NA,NA,1994,"Eastern Pacific","https://www.nhc.noaa.gov/data/tcr/index.php?season=1994&basin=epac"
"132",8,"Li","HU^","31 Jul–18 Aug",65,NA,0,NA,NA,NA,1994,"Eastern Pacific","https://www.nhc.noaa.gov/data/tcr/index.php?season=1994&basin=epac"
"133",9,"Hector","TS","07 Aug–09 Aug",55,993,1.7,NA,NA,NA,1994,"Eastern Pacific","https://www.nhc.noaa.gov/data/tcr/index.php?season=1994&basin=epac"
"134",10,"John","MH^","11 Aug–10 Sep",150,929,10.1,NA,NA,NA,1994,"Eastern Pacific","https://www.nhc.noaa.gov/data/tcr/index.php?season=1994&basin=epac"
"135",11,"Ileana","HU","10 Aug–14 Aug",65,986,3.2,NA,NA,NA,1994,"Eastern Pacific","https://www.nhc.noaa.gov/data/tcr/index.php?season=1994&basin=epac"
"136",12,"Unnamed","TD","12 Aug–15 Aug",30,NA,0,NA,NA,NA,1994,"Eastern Pacific","https://www.nhc.noaa.gov/data/tcr/index.php?season=1994&basin=epac"
"137",13,"Kristy","HU^","28 Aug–05 Sep",90,992,1,NA,NA,NA,1994,"Eastern Pacific","https://www.nhc.noaa.gov/data/tcr/index.php?season=1994&basin=epac"
"138",14,"Lane","MH","03 Sep–10 Sep",115,948,12.7,NA,NA,NA,1994,"Eastern Pacific","https://www.nhc.noaa.gov/data/tcr/index.php?season=1994&basin=epac"
"139",15,"Miriam","TS","15 Sep–21 Sep",40,1002,1.3,NA,NA,NA,1994,"Eastern Pacific","https://www.nhc.noaa.gov/data/tcr/index.php?season=1994&basin=epac"
"140",16,"Norman","TS","19 Sep–22 Sep",35,1004,0.6,NA,NA,NA,1994,"Eastern Pacific","https://www.nhc.noaa.gov/data/tcr/index.php?season=1994&basin=epac"
"141",17,"Olivia","MH","22 Sep–29 Sep",130,923,16.5,NA,NA,NA,1994,"Eastern Pacific","https://www.nhc.noaa.gov/data/tcr/index.php?season=1994&basin=epac"
"142",18,"Paul","TS","24 Sep–30 Sep",40,1003,1.2,NA,NA,NA,1994,"Eastern Pacific","https://www.nhc.noaa.gov/data/tcr/index.php?season=1994&basin=epac"
"143",19,"Rosa","HU","08 Oct–15 Oct",90,974,6.2,NA,NA,NA,1994,"Eastern Pacific","https://www.nhc.noaa.gov/data/tcr/index.php?season=1994&basin=epac"
"144",4,"Daniel","TS^","08 Jul–14 Jul",55,993,2.2,NA,NA,NA,1994,"Central Pacific","https://www.nhc.noaa.gov/data/tcr/index.php?season=1994&basin=cpac"
"145",5,"Emilia","MH","16 Jul–25 Jul",140,926,31.6,NA,NA,NA,1994,"Central Pacific","https://www.nhc.noaa.gov/data/tcr/index.php?season=1994&basin=cpac"
"146",6,"Fabio","TS^","19 Jul–24 Jul",40,1002,0,NA,NA,NA,1994,"Central Pacific","https://www.nhc.noaa.gov/data/tcr/index.php?season=1994&basin=cpac"
"147",7,"Gilma","MH","21 Jul–31 Jul",140,920,18.8,NA,NA,NA,1994,"Central Pacific","https://www.nhc.noaa.gov/data/tcr/index.php?season=1994&basin=cpac"
"148",8,"Li","HU","31 Jul–18 Aug",65,NA,4.5,NA,NA,NA,1994,"Central Pacific","https://www.nhc.noaa.gov/data/tcr/index.php?season=1994&basin=cpac"
"149",1,"Unnamed","TD","09 Aug–14 Aug",30,NA,0,NA,NA,NA,1994,"Central Pacific","https://www.nhc.noaa.gov/data/tcr/index.php?season=1994&basin=cpac"
"150",10,"John","MH","11 Aug–10 Sep",150,929,43.9,NA,NA,NA,1994,"Central Pacific","https://www.nhc.noaa.gov/data/tcr/index.php?season=1994&basin=cpac"
"151",13,"Kristy","HU","28 Aug–05 Sep",90,992,5.2,NA,NA,NA,1994,"Central Pacific","https://www.nhc.noaa.gov/data/tcr/index.php?season=1994&basin=cpac"
"152",14,"Lane","MH^","03 Sep–10 Sep",115,948,0,NA,NA,NA,1994,"Central Pacific","https://www.nhc.noaa.gov/data/tcr/index.php?season=1994&basin=cpac"
"153",2,"Mele","TS","06 Sep–09 Sep",35,NA,1,NA,NA,NA,1994,"Central Pacific","https://www.nhc.noaa.gov/data/tcr/index.php?season=1994&basin=cpac"
"154",3,"Nona","TS","21 Oct–26 Oct",35,NA,0.1,NA,NA,NA,1994,"Central Pacific","https://www.nhc.noaa.gov/data/tcr/index.php?season=1994&basin=cpac"
"155",1,"Allison","HU","03 Jun–06 Jun",65,987,3.1,NA,NA,NA,1995,"Atlantic","https://www.nhc.noaa.gov/data/tcr/index.php?season=1995&basin=atl"
"156",2,"Barry","TS","05 Jul–10 Jul",60,989,3.2,NA,NA,NA,1995,"Atlantic","https://www.nhc.noaa.gov/data/tcr/index.php?season=1995&basin=atl"
"157",3,"Chantal","TS","12 Jul–20 Jul",60,991,6.5,NA,NA,NA,1995,"Atlantic","https://www.nhc.noaa.gov/data/tcr/index.php?season=1995&basin=atl"
"158",4,"Dean","TS","28 Jul–02 Aug",40,999,0.3,NA,NA,NA,1995,"Atlantic","https://www.nhc.noaa.gov/data/tcr/index.php?season=1995&basin=atl"
"159",5,"Erin","HU","31 Jul–06 Aug",85,973,7.3,NA,NA,NA,1995,"Atlantic","https://www.nhc.noaa.gov/data/tcr/index.php?season=1995&basin=atl"
"160",6,"Unnamed","TD","05 Aug–07 Aug",30,NA,0,NA,NA,NA,1995,"Atlantic","https://www.nhc.noaa.gov/data/tcr/index.php?season=1995&basin=atl"
"161",7,"Felix","MH","08 Aug–22 Aug",120,929,29.4,NA,NA,NA,1995,"Atlantic","https://www.nhc.noaa.gov/data/tcr/index.php?season=1995&basin=atl"
"162",8,"Gabrielle","TS","09 Aug–12 Aug",60,988,1.4,NA,NA,NA,1995,"Atlantic","https://www.nhc.noaa.gov/data/tcr/index.php?season=1995&basin=atl"
"163",9,"Humberto","HU","22 Aug–01 Sep",95,968,22.5,NA,NA,NA,1995,"Atlantic","https://www.nhc.noaa.gov/data/tcr/index.php?season=1995&basin=atl"
"164",10,"Iris","HU","22 Aug–04 Sep",95,965,22.7,NA,NA,NA,1995,"Atlantic","https://www.nhc.noaa.gov/data/tcr/index.php?season=1995&basin=atl"
"165",11,"Jerry","TS","22 Aug–28 Aug",35,1002,0.6,NA,NA,NA,1995,"Atlantic","https://www.nhc.noaa.gov/data/tcr/index.php?season=1995&basin=atl"
"166",12,"Karen","TS","26 Aug–03 Sep",45,1000,3.4,NA,NA,NA,1995,"Atlantic","https://www.nhc.noaa.gov/data/tcr/index.php?season=1995&basin=atl"
"167",13,"Luis","MH","28 Aug–10 Sep",130,935,53.7,NA,NA,NA,1995,"Atlantic","https://www.nhc.noaa.gov/data/tcr/index.php?season=1995&basin=atl"
"168",14,"Unnamed","TD","09 Sep–13 Sep",30,NA,0,NA,NA,NA,1995,"Atlantic","https://www.nhc.noaa.gov/data/tcr/index.php?season=1995&basin=atl"
"169",15,"Marilyn","MH","12 Sep–22 Sep",100,949,21.6,NA,NA,NA,1995,"Atlantic","https://www.nhc.noaa.gov/data/tcr/index.php?season=1995&basin=atl"
"170",16,"Noel","HU","26 Sep–07 Oct",65,987,11.1,NA,NA,NA,1995,"Atlantic","https://www.nhc.noaa.gov/data/tcr/index.php?season=1995&basin=atl"
"171",17,"Opal","MH","27 Sep–05 Oct",130,916,11.1,NA,NA,NA,1995,"Atlantic","https://www.nhc.noaa.gov/data/tcr/index.php?season=1995&basin=atl"
"172",18,"Pablo","TS","04 Oct–08 Oct",50,994,2.5,NA,NA,NA,1995,"Atlantic","https://www.nhc.noaa.gov/data/tcr/index.php?season=1995&basin=atl"
"173",19,"Roxanne","MH","07 Oct–21 Oct",100,956,16.2,NA,NA,NA,1995,"Atlantic","https://www.nhc.noaa.gov/data/tcr/index.php?season=1995&basin=atl"
"174",20,"Sebastien","TS","20 Oct–25 Oct",55,1001,2.1,NA,NA,NA,1995,"Atlantic","https://www.nhc.noaa.gov/data/tcr/index.php?season=1995&basin=atl"
"175",21,"Tanya","HU","27 Oct–01 Nov",75,972,8.7,NA,NA,NA,1995,"Atlantic","https://www.nhc.noaa.gov/data/tcr/index.php?season=1995&basin=atl"
"176",1,"Unnamed","TD","21 May–23 May",30,NA,0,NA,NA,NA,1995,"Eastern Pacific","https://www.nhc.noaa.gov/data/tcr/index.php?season=1995&basin=epac"
"177",2,"Adolph","MH","15 Jun–21 Jun",115,948,10.7,NA,NA,NA,1995,"Eastern Pacific","https://www.nhc.noaa.gov/data/tcr/index.php?season=1995&basin=epac"
"178",3,"Barbara","MH","07 Jul–18 Jul",120,940,29.8,NA,NA,NA,1995,"Eastern Pacific","https://www.nhc.noaa.gov/data/tcr/index.php?season=1995&basin=epac"
"179",4,"Cosme","HU","17 Jul–22 Jul",65,985,3.7,NA,NA,NA,1995,"Eastern Pacific","https://www.nhc.noaa.gov/data/tcr/index.php?season=1995&basin=epac"
"180",5,"Dalila","TS","24 Jul–02 Aug",55,994,4.5,NA,NA,NA,1995,"Eastern Pacific","https://www.nhc.noaa.gov/data/tcr/index.php?season=1995&basin=epac"
"181",6,"Erick","TS","01 Aug–08 Aug",55,994,1.9,NA,NA,NA,1995,"Eastern Pacific","https://www.nhc.noaa.gov/data/tcr/index.php?season=1995&basin=epac"
"182",7,"Flossie","HU","07 Aug–14 Aug",70,978,6.4,NA,NA,NA,1995,"Eastern Pacific","https://www.nhc.noaa.gov/data/tcr/index.php?season=1995&basin=epac"
"183",8,"Gil","TS","20 Aug–27 Aug",55,993,5.2,NA,NA,NA,1995,"Eastern Pacific","https://www.nhc.noaa.gov/data/tcr/index.php?season=1995&basin=epac"
"184",9,"Henriette","HU","01 Sep–08 Sep",85,970,7.9,NA,NA,NA,1995,"Eastern Pacific","https://www.nhc.noaa.gov/data/tcr/index.php?season=1995&basin=epac"
"185",10,"Ismael","HU","12 Sep–15 Sep",70,983,3.6,NA,NA,NA,1995,"Eastern Pacific","https://www.nhc.noaa.gov/data/tcr/index.php?season=1995&basin=epac"
"186",11,"Juliette","MH","16 Sep–26 Sep",130,930,26.5,NA,NA,NA,1995,"Eastern Pacific","https://www.nhc.noaa.gov/data/tcr/index.php?season=1995&basin=epac"
"187",3,"Barbara","MH^","07 Jul–18 Jul",120,940,0,NA,NA,NA,1995,"Central Pacific","https://www.nhc.noaa.gov/data/tcr/index.php?season=1995&basin=cpac"
"188",1,"Arthur","TS","17 Jun–21 Jun",40,1002,0.8,NA,NA,NA,1996,"Atlantic","https://www.nhc.noaa.gov/data/tcr/index.php?season=1996&basin=atl"
"189",2,"Bertha","MH","05 Jul–14 Jul",100,960,17.4,NA,NA,NA,1996,"Atlantic","https://www.nhc.noaa.gov/data/tcr/index.php?season=1996&basin=atl"
"190",3,"Cesar","HU","24 Jul–28 Jul",75,985,4,NA,NA,NA,1996,"Atlantic","https://www.nhc.noaa.gov/data/tcr/index.php?season=1996&basin=atl"
"191",4,"Dolly","HU","19 Aug–25 Aug",70,989,3.9,NA,NA,NA,1996,"Atlantic","https://www.nhc.noaa.gov/data/tcr/index.php?season=1996&basin=atl"
"192",5,"Edouard","MH","19 Aug–03 Sep",125,933,49.3,NA,NA,NA,1996,"Atlantic","https://www.nhc.noaa.gov/data/tcr/index.php?season=1996&basin=atl"
"193",6,"Fran","MH","23 Aug–08 Sep",105,946,22.9,NA,NA,NA,1996,"Atlantic","https://www.nhc.noaa.gov/data/tcr/index.php?season=1996&basin=atl"
"194",7,"Gustav","TS","26 Aug–02 Sep",40,1005,2.4,NA,NA,NA,1996,"Atlantic","https://www.nhc.noaa.gov/data/tcr/index.php?season=1996&basin=atl"
"195",8,"Hortense","MH","03 Sep–15 Sep",120,935,21.8,NA,NA,NA,1996,"Atlantic","https://www.nhc.noaa.gov/data/tcr/index.php?season=1996&basin=atl"
"196",9,"Isidore","MH","24 Sep–01 Oct",100,960,12.9,NA,NA,NA,1996,"Atlantic","https://www.nhc.noaa.gov/data/tcr/index.php?season=1996&basin=atl"
"197",10,"Josephine","TS","04 Oct–08 Oct",60,981,1.6,NA,NA,NA,1996,"Atlantic","https://www.nhc.noaa.gov/data/tcr/index.php?season=1996&basin=atl"
"198",11,"Kyle","TS","11 Oct–12 Oct",45,1001,0.5,NA,NA,NA,1996,"Atlantic","https://www.nhc.noaa.gov/data/tcr/index.php?season=1996&basin=atl"
"199",12,"Lili","MH","14 Oct–27 Oct",100,960,22.6,NA,NA,NA,1996,"Atlantic","https://www.nhc.noaa.gov/data/tcr/index.php?season=1996&basin=atl"
"200",13,"Marco","HU","16 Nov–26 Nov",65,983,6.1,NA,NA,NA,1996,"Atlantic","https://www.nhc.noaa.gov/data/tcr/index.php?season=1996&basin=atl"
"201",1,"Unnamed","TS","13 May–16 May",45,1000,0.6,NA,NA,NA,1996,"Eastern Pacific","https://www.nhc.noaa.gov/data/tcr/index.php?season=1996&basin=epac"
"202",2,"Unnamed","TD","15 May–19 May",30,NA,0,NA,NA,NA,1996,"Eastern Pacific","https://www.nhc.noaa.gov/data/tcr/index.php?season=1996&basin=epac"
"203",3,"Alma","HU","20 Jun–27 Jun",90,969,9.4,NA,NA,NA,1996,"Eastern Pacific","https://www.nhc.noaa.gov/data/tcr/index.php?season=1996&basin=epac"
"204",4,"Boris","HU","27 Jun–01 Jul",80,979,2.9,NA,NA,NA,1996,"Eastern Pacific","https://www.nhc.noaa.gov/data/tcr/index.php?season=1996&basin=epac"
"205",5,"Cristina","TS","01 Jul–03 Jul",60,991,1.5,NA,NA,NA,1996,"Eastern Pacific","https://www.nhc.noaa.gov/data/tcr/index.php?season=1996&basin=epac"
"206",6,"Unnamed","TD","04 Jul–06 Jul",30,NA,0,NA,NA,NA,1996,"Eastern Pacific","https://www.nhc.noaa.gov/data/tcr/index.php?season=1996&basin=epac"
"207",7,"Douglas","MH","29 Jul–06 Aug",115,946,20,NA,NA,NA,1996,"Eastern Pacific","https://www.nhc.noaa.gov/data/tcr/index.php?season=1996&basin=epac"
"208",8,"Elida","TS","30 Aug–06 Sep",55,994,2.4,NA,NA,NA,1996,"Eastern Pacific","https://www.nhc.noaa.gov/data/tcr/index.php?season=1996&basin=epac"
"209",9,"Fausto","MH","10 Sep–14 Sep",105,955,9.6,NA,NA,NA,1996,"Eastern Pacific","https://www.nhc.noaa.gov/data/tcr/index.php?season=1996&basin=epac"
"210",10,"Genevieve","TS","27 Sep–09 Oct",45,999,3.1,NA,NA,NA,1996,"Eastern Pacific","https://www.nhc.noaa.gov/data/tcr/index.php?season=1996&basin=epac"
"211",11,"Hernan","HU","30 Sep–04 Oct",75,980,4,NA,NA,NA,1996,"Eastern Pacific","https://www.nhc.noaa.gov/data/tcr/index.php?season=1996&basin=epac"
"212",12,"Unnamed","TD","07 Nov–11 Nov",30,NA,0,NA,NA,NA,1996,"Eastern Pacific","https://www.nhc.noaa.gov/data/tcr/index.php?season=1996&basin=epac"
"213",1,"Unnamed","TD","16 Sep–20 Sep",30,NA,0,NA,NA,NA,1996,"Central Pacific","https://www.nhc.noaa.gov/data/tcr/index.php?season=1996&basin=cpac"
"214",1,"Unnamed","SS","01 Jun–02 Jun",45,1003,0.8,NA,NA,NA,1997,"Atlantic","https://www.nhc.noaa.gov/data/tcr/index.php?season=1997&basin=atl"
"215",2,"Ana","TS","30 Jun–04 Jul",40,1000,1.3,NA,NA,NA,1997,"Atlantic","https://www.nhc.noaa.gov/data/tcr/index.php?season=1997&basin=atl"
"216",3,"Bill","HU","11 Jul–13 Jul",65,986,2.3,NA,NA,NA,1997,"Atlantic","https://www.nhc.noaa.gov/data/tcr/index.php?season=1997&basin=atl"
"217",4,"Claudette","TS","13 Jul–16 Jul",40,1003,1.6,NA,NA,NA,1997,"Atlantic","https://www.nhc.noaa.gov/data/tcr/index.php?season=1997&basin=atl"
"218",5,"Danny","HU","16 Jul–26 Jul",70,984,6,NA,NA,NA,1997,"Atlantic","https://www.nhc.noaa.gov/data/tcr/index.php?season=1997&basin=atl"
"219",6,"Unnamed","TD","17 Jul–19 Jul",30,NA,0,NA,NA,NA,1997,"Atlantic","https://www.nhc.noaa.gov/data/tcr/index.php?season=1997&basin=atl"
"220",7,"Erika","MH","03 Sep–15 Sep",110,946,26.6,NA,NA,NA,1997,"Atlantic","https://www.nhc.noaa.gov/data/tcr/index.php?season=1997&basin=atl"
"221",8,"Fabian","TS","04 Oct–08 Oct",35,1004,1.3,NA,NA,NA,1997,"Atlantic","https://www.nhc.noaa.gov/data/tcr/index.php?season=1997&basin=atl"
"222",9,"Grace","TS","14 Oct–17 Oct",40,999,0.9,NA,NA,NA,1997,"Atlantic","https://www.nhc.noaa.gov/data/tcr/index.php?season=1997&basin=atl"
"223",1,"Andres","TS","01 Jun–07 Jun",45,998,2.4,NA,NA,NA,1997,"Eastern Pacific","https://www.nhc.noaa.gov/data/tcr/index.php?season=1997&basin=epac"
"224",2,"Blanca","TS","09 Jun–12 Jun",40,1002,1.1,NA,NA,NA,1997,"Eastern Pacific","https://www.nhc.noaa.gov/data/tcr/index.php?season=1997&basin=epac"
"225",3,"Unnamed","TD","21 Jun–24 Jun",30,NA,0,NA,NA,NA,1997,"Eastern Pacific","https://www.nhc.noaa.gov/data/tcr/index.php?season=1997&basin=epac"
"226",4,"Carlos","TS","25 Jun–28 Jun",45,996,1,NA,NA,NA,1997,"Eastern Pacific","https://www.nhc.noaa.gov/data/tcr/index.php?season=1997&basin=epac"
"227",5,"Unnamed","TD","29 Jun–04 Jul",30,NA,0,NA,NA,NA,1997,"Eastern Pacific","https://www.nhc.noaa.gov/data/tcr/index.php?season=1997&basin=epac"
"228",6,"Dolores","HU","05 Jul–12 Jul",80,975,8.4,NA,NA,NA,1997,"Eastern Pacific","https://www.nhc.noaa.gov/data/tcr/index.php?season=1997&basin=epac"
"229",7,"Enrique","MH","12 Jul–16 Jul",100,960,7.9,NA,NA,NA,1997,"Eastern Pacific","https://www.nhc.noaa.gov/data/tcr/index.php?season=1997&basin=epac"
"230",8,"Felicia","MH","14 Jul–22 Jul",115,948,16.2,NA,NA,NA,1997,"Eastern Pacific","https://www.nhc.noaa.gov/data/tcr/index.php?season=1997&basin=epac"
"231",9,"Guillermo","MH","30 Jul–15 Aug",140,919,37,NA,NA,NA,1997,"Eastern Pacific","https://www.nhc.noaa.gov/data/tcr/index.php?season=1997&basin=epac"
"232",10,"Hilda","TS","10 Aug–15 Aug",45,1000,1.7,NA,NA,NA,1997,"Eastern Pacific","https://www.nhc.noaa.gov/data/tcr/index.php?season=1997&basin=epac"
"233",11,"Ignacio","TS","17 Aug–19 Aug",35,1005,0.4,NA,NA,NA,1997,"Eastern Pacific","https://www.nhc.noaa.gov/data/tcr/index.php?season=1997&basin=epac"
"234",12,"Jimena","MH","25 Aug–30 Aug",120,942,11.8,NA,NA,NA,1997,"Eastern Pacific","https://www.nhc.noaa.gov/data/tcr/index.php?season=1997&basin=epac"
"235",13,"Kevin","TS","03 Sep–07 Sep",50,994,1.6,NA,NA,NA,1997,"Eastern Pacific","https://www.nhc.noaa.gov/data/tcr/index.php?season=1997&basin=epac"
"236",14,"Linda","MH","09 Sep–17 Sep",160,902,28.6,NA,NA,NA,1997,"Eastern Pacific","https://www.nhc.noaa.gov/data/tcr/index.php?season=1997&basin=epac"
"237",15,"Marty","TS","12 Sep–16 Sep",40,1002,0.8,NA,NA,NA,1997,"Eastern Pacific","https://www.nhc.noaa.gov/data/tcr/index.php?season=1997&basin=epac"
"238",16,"Nora","MH","16 Sep–26 Sep",115,950,23.4,NA,NA,NA,1997,"Eastern Pacific","https://www.nhc.noaa.gov/data/tcr/index.php?season=1997&basin=epac"
"239",17,"Olaf","TS","26 Sep–12 Oct",60,989,2.4,NA,NA,NA,1997,"Eastern Pacific","https://www.nhc.noaa.gov/data/tcr/index.php?season=1997&basin=epac"
"240",18,"Pauline","MH","05 Oct–10 Oct",115,948,11.3,NA,NA,NA,1997,"Eastern Pacific","https://www.nhc.noaa.gov/data/tcr/index.php?season=1997&basin=epac"
"241",19,"Rick","HU","07 Nov–10 Nov",85,973,3.5,NA,NA,NA,1997,"Eastern Pacific","https://www.nhc.noaa.gov/data/tcr/index.php?season=1997&basin=epac"
"242",6,"Dolores","HU^","05 Jul–12 Jul",80,975,0,NA,NA,NA,1997,"Central Pacific","https://www.nhc.noaa.gov/data/tcr/index.php?season=1997&basin=cpac"
"243",8,"Felicia","MH^","14 Jul–22 Jul",115,948,0.7,NA,NA,NA,1997,"Central Pacific","https://www.nhc.noaa.gov/data/tcr/index.php?season=1997&basin=cpac"
"244",1,"Unnamed","TD","26 Jul–27 Jul",25,NA,0,NA,NA,NA,1997,"Central Pacific","https://www.nhc.noaa.gov/data/tcr/index.php?season=1997&basin=cpac"
"245",9,"Guillermo","MH^","30 Jul–15 Aug",140,919,3,NA,NA,NA,1997,"Central Pacific","https://www.nhc.noaa.gov/data/tcr/index.php?season=1997&basin=cpac"
"246",12,"Jimena","MH^","25 Aug–30 Aug",120,942,0,NA,NA,NA,1997,"Central Pacific","https://www.nhc.noaa.gov/data/tcr/index.php?season=1997&basin=cpac"
"247",2,"Oliwa","MH^","28 Aug–17 Sep",140,NA,0.5,NA,NA,NA,1997,"Central Pacific","https://www.nhc.noaa.gov/data/tcr/index.php?season=1997&basin=cpac"
"248",3,"Unnamed","TD^","05 Oct–07 Oct",25,NA,0,NA,NA,NA,1997,"Central Pacific","https://www.nhc.noaa.gov/data/tcr/index.php?season=1997&basin=cpac"
"249",4,"Unnamed","TD","30 Oct–01 Nov",30,NA,0,NA,NA,NA,1997,"Central Pacific","https://www.nhc.noaa.gov/data/tcr/index.php?season=1997&basin=cpac"
"250",5,"Paka","MH^","28 Nov–22 Dec",160,NA,4.3,NA,NA,NA,1997,"Central Pacific","https://www.nhc.noaa.gov/data/tcr/index.php?season=1997&basin=cpac"
"251",1,"Alex","TS","27 Jul–02 Aug",45,1002,2.8,NA,NA,NA,1998,"Atlantic","https://www.nhc.noaa.gov/data/tcr/index.php?season=1998&basin=atl"
"252",2,"Bonnie","MH","19 Aug–30 Aug",100,954,24.8,NA,NA,NA,1998,"Atlantic","https://www.nhc.noaa.gov/data/tcr/index.php?season=1998&basin=atl"
"253",3,"Charley","TS","21 Aug–24 Aug",60,1000,0.8,NA,NA,NA,1998,"Atlantic","https://www.nhc.noaa.gov/data/tcr/index.php?season=1998&basin=atl"
"254",4,"Danielle","HU","24 Aug–03 Sep",90,960,23.1,NA,NA,NA,1998,"Atlantic","https://www.nhc.noaa.gov/data/tcr/index.php?season=1998&basin=atl"
"255",5,"Earl","HU","31 Aug–03 Sep",85,985,3.9,NA,NA,NA,1998,"Atlantic","https://www.nhc.noaa.gov/data/tcr/index.php?season=1998&basin=atl"
"256",6,"Frances","TS","08 Sep–13 Sep",55,990,1.6,NA,NA,NA,1998,"Atlantic","https://www.nhc.noaa.gov/data/tcr/index.php?season=1998&basin=atl"
"257",7,"Georges","MH","15 Sep–01 Oct",135,937,39.4,NA,NA,NA,1998,"Atlantic","https://www.nhc.noaa.gov/data/tcr/index.php?season=1998&basin=atl"
"258",8,"Hermine","TS","17 Sep–20 Sep",40,999,0.6,NA,NA,NA,1998,"Atlantic","https://www.nhc.noaa.gov/data/tcr/index.php?season=1998&basin=atl"
"259",9,"Ivan","HU","19 Sep–27 Sep",80,975,9.3,NA,NA,NA,1998,"Atlantic","https://www.nhc.noaa.gov/data/tcr/index.php?season=1998&basin=atl"
"260",10,"Jeanne","HU","21 Sep–30 Sep",90,969,18.8,NA,NA,NA,1998,"Atlantic","https://www.nhc.noaa.gov/data/tcr/index.php?season=1998&basin=atl"
"261",11,"Karl","HU","23 Sep–28 Sep",90,970,7.5,NA,NA,NA,1998,"Atlantic","https://www.nhc.noaa.gov/data/tcr/index.php?season=1998&basin=atl"
"262",12,"Lisa","HU","05 Oct–09 Oct",65,995,5,NA,NA,NA,1998,"Atlantic","https://www.nhc.noaa.gov/data/tcr/index.php?season=1998&basin=atl"
"263",13,"Mitch","MH","22 Oct–05 Nov",155,905,35.9,NA,NA,NA,1998,"Atlantic","https://www.nhc.noaa.gov/data/tcr/index.php?season=1998&basin=atl"
"264",14,"Nicole","HU","24 Nov–01 Dec",75,979,7.6,NA,NA,NA,1998,"Atlantic","https://www.nhc.noaa.gov/data/tcr/index.php?season=1998&basin=atl"
"265",1,"Agatha","TS","11 Jun–16 Jun",55,993,2.2,NA,NA,NA,1998,"Eastern Pacific","https://www.nhc.noaa.gov/data/tcr/index.php?season=1998&basin=epac"
"266",2,"Unnamed","TD","19 Jun–22 Jun",30,NA,0,NA,NA,NA,1998,"Eastern Pacific","https://www.nhc.noaa.gov/data/tcr/index.php?season=1998&basin=epac"
"267",3,"Blas","MH","22 Jun–30 Jun",120,943,19.7,NA,NA,NA,1998,"Eastern Pacific","https://www.nhc.noaa.gov/data/tcr/index.php?season=1998&basin=epac"
"268",4,"Celia","TS","17 Jul–21 Jul",50,997,2,NA,NA,NA,1998,"Eastern Pacific","https://www.nhc.noaa.gov/data/tcr/index.php?season=1998&basin=epac"
"269",5,"Darby","MH","23 Jul–01 Aug",100,958,16.5,NA,NA,NA,1998,"Eastern Pacific","https://www.nhc.noaa.gov/data/tcr/index.php?season=1998&basin=epac"
"270",6,"Estelle","MH","29 Jul–08 Aug",115,948,14.6,NA,NA,NA,1998,"Eastern Pacific","https://www.nhc.noaa.gov/data/tcr/index.php?season=1998&basin=epac"
"271",7,"Frank","TS","06 Aug–10 Aug",40,1001,0.8,NA,NA,NA,1998,"Eastern Pacific","https://www.nhc.noaa.gov/data/tcr/index.php?season=1998&basin=epac"
"272",8,"Georgette","MH","11 Aug–17 Aug",100,960,11.2,NA,NA,NA,1998,"Eastern Pacific","https://www.nhc.noaa.gov/data/tcr/index.php?season=1998&basin=epac"
"273",9,"Howard","MH","20 Aug–30 Aug",130,932,29.3,NA,NA,NA,1998,"Eastern Pacific","https://www.nhc.noaa.gov/data/tcr/index.php?season=1998&basin=epac"
"274",10,"Isis","HU","01 Sep–03 Sep",65,988,2.7,NA,NA,NA,1998,"Eastern Pacific","https://www.nhc.noaa.gov/data/tcr/index.php?season=1998&basin=epac"
"275",11,"Javier","TS","06 Sep–14 Sep",50,995,1.9,NA,NA,NA,1998,"Eastern Pacific","https://www.nhc.noaa.gov/data/tcr/index.php?season=1998&basin=epac"
"276",12,"Unnamed","TD","01 Oct–03 Oct",30,NA,0,NA,NA,NA,1998,"Eastern Pacific","https://www.nhc.noaa.gov/data/tcr/index.php?season=1998&basin=epac"
"277",13,"Kay","HU","13 Oct–17 Oct",65,987,2.2,NA,NA,NA,1998,"Eastern Pacific","https://www.nhc.noaa.gov/data/tcr/index.php?season=1998&basin=epac"
"278",14,"Lester","MH","15 Oct–26 Oct",100,965,23.7,NA,NA,NA,1998,"Eastern Pacific","https://www.nhc.noaa.gov/data/tcr/index.php?season=1998&basin=epac"
"279",15,"Madeline","HU","16 Oct–20 Oct",75,979,5.5,NA,NA,NA,1998,"Eastern Pacific","https://www.nhc.noaa.gov/data/tcr/index.php?season=1998&basin=epac"
"280",5,"Darby","MH^","23 Jul–01 Aug",100,958,1.8,NA,NA,NA,1998,"Central Pacific","https://www.nhc.noaa.gov/data/tcr/index.php?season=1998&basin=cpac"
"281",6,"Estelle","MH^","29 Jul–08 Aug",115,948,0,NA,NA,NA,1998,"Central Pacific","https://www.nhc.noaa.gov/data/tcr/index.php?season=1998&basin=cpac"
"282",1,"Unnamed","TD","16 Aug–19 Aug",30,NA,0,NA,NA,NA,1998,"Central Pacific","https://www.nhc.noaa.gov/data/tcr/index.php?season=1998&basin=cpac"
"283",1,"Arlene","TS","11 Jun–18 Jun",50,1006,3.4,NA,NA,NA,1999,"Atlantic","https://www.nhc.noaa.gov/data/tcr/index.php?season=1999&basin=atl"
"284",2,"Unnamed","TD","02 Jul–03 Jul",30,NA,0,NA,NA,NA,1999,"Atlantic","https://www.nhc.noaa.gov/data/tcr/index.php?season=1999&basin=atl"
"285",3,"Bret","MH","18 Aug–25 Aug",125,944,11.6,NA,NA,NA,1999,"Atlantic","https://www.nhc.noaa.gov/data/tcr/index.php?season=1999&basin=atl"
"286",4,"Cindy","MH","19 Aug–31 Aug",120,942,24.6,NA,NA,NA,1999,"Atlantic","https://www.nhc.noaa.gov/data/tcr/index.php?season=1999&basin=atl"
"287",5,"Dennis","HU","24 Aug–07 Sep",90,962,20.2,NA,NA,NA,1999,"Atlantic","https://www.nhc.noaa.gov/data/tcr/index.php?season=1999&basin=atl"
"288",6,"Emily","TS","24 Aug–28 Aug",45,1004,2.4,NA,NA,NA,1999,"Atlantic","https://www.nhc.noaa.gov/data/tcr/index.php?season=1999&basin=atl"
"289",7,"Unnamed","TD","05 Sep–07 Sep",30,NA,0,NA,NA,NA,1999,"Atlantic","https://www.nhc.noaa.gov/data/tcr/index.php?season=1999&basin=atl"
"290",8,"Floyd","MH","07 Sep–17 Sep",135,921,29.4,NA,NA,NA,1999,"Atlantic","https://www.nhc.noaa.gov/data/tcr/index.php?season=1999&basin=atl"
"291",9,"Gert","MH","11 Sep–23 Sep",130,930,42.3,NA,NA,NA,1999,"Atlantic","https://www.nhc.noaa.gov/data/tcr/index.php?season=1999&basin=atl"
"292",10,"Harvey","TS","19 Sep–22 Sep",50,994,1.9,NA,NA,NA,1999,"Atlantic","https://www.nhc.noaa.gov/data/tcr/index.php?season=1999&basin=atl"
"293",11,"Unnamed","TD","04 Oct–06 Oct",30,NA,0,NA,NA,NA,1999,"Atlantic","https://www.nhc.noaa.gov/data/tcr/index.php?season=1999&basin=atl"
"294",12,"Unnamed","TD","06 Oct–08 Oct",30,NA,0,NA,NA,NA,1999,"Atlantic","https://www.nhc.noaa.gov/data/tcr/index.php?season=1999&basin=atl"
"295",13,"Irene","HU","13 Oct–19 Oct",95,958,10.4,NA,NA,NA,1999,"Atlantic","https://www.nhc.noaa.gov/data/tcr/index.php?season=1999&basin=atl"
"296",14,"Jose","HU","17 Oct–25 Oct",85,979,10.1,NA,NA,NA,1999,"Atlantic","https://www.nhc.noaa.gov/data/tcr/index.php?season=1999&basin=atl"
"297",15,"Katrina","TS","28 Oct–01 Nov",35,999,0.2,NA,NA,NA,1999,"Atlantic","https://www.nhc.noaa.gov/data/tcr/index.php?season=1999&basin=atl"
"298",16,"Lenny","MH","13 Nov–23 Nov",135,933,19.9,NA,NA,NA,1999,"Atlantic","https://www.nhc.noaa.gov/data/tcr/index.php?season=1999&basin=atl"
"299",1,"Adrian","HU","18 Jun–22 Jun",85,973,5.9,NA,NA,NA,1999,"Eastern Pacific","https://www.nhc.noaa.gov/data/tcr/index.php?season=1999&basin=epac"
"300",2,"Beatriz","MH","09 Jul–17 Jul",105,955,17.3,NA,NA,NA,1999,"Eastern Pacific","https://www.nhc.noaa.gov/data/tcr/index.php?season=1999&basin=epac"
"301",3,"Unnamed","TD","14 Jul–15 Jul",30,NA,0,NA,NA,NA,1999,"Eastern Pacific","https://www.nhc.noaa.gov/data/tcr/index.php?season=1999&basin=epac"
"302",4,"Unnamed","TD","23 Jul–25 Jul",30,NA,0,NA,NA,NA,1999,"Eastern Pacific","https://www.nhc.noaa.gov/data/tcr/index.php?season=1999&basin=epac"
"303",5,"Calvin","TS","25 Jul–27 Jul",35,1005,0.5,NA,NA,NA,1999,"Eastern Pacific","https://www.nhc.noaa.gov/data/tcr/index.php?season=1999&basin=epac"
"304",6,"Unnamed","TD","26 Jul–28 Jul",30,NA,0,NA,NA,NA,1999,"Eastern Pacific","https://www.nhc.noaa.gov/data/tcr/index.php?season=1999&basin=epac"
"305",7,"Dora","MH","06 Aug–23 Aug",120,943,27.7,NA,NA,NA,1999,"Eastern Pacific","https://www.nhc.noaa.gov/data/tcr/index.php?season=1999&basin=epac"
"306",8,"Eugene","HU","06 Aug–15 Aug",95,964,9.8,NA,NA,NA,1999,"Eastern Pacific","https://www.nhc.noaa.gov/data/tcr/index.php?season=1999&basin=epac"
"307",9,"Unnamed","TD","13 Aug–15 Aug",30,NA,0,NA,NA,NA,1999,"Eastern Pacific","https://www.nhc.noaa.gov/data/tcr/index.php?season=1999&basin=epac"
"308",10,"Fernanda","TS","17 Aug–22 Aug",55,994,2.1,NA,NA,NA,1999,"Eastern Pacific","https://www.nhc.noaa.gov/data/tcr/index.php?season=1999&basin=epac"
"309",11,"Unnamed","TD","23 Aug–24 Aug",30,NA,0,NA,NA,NA,1999,"Eastern Pacific","https://www.nhc.noaa.gov/data/tcr/index.php?season=1999&basin=epac"
"310",12,"Greg","HU","05 Sep–09 Sep",65,986,3.4,NA,NA,NA,1999,"Eastern Pacific","https://www.nhc.noaa.gov/data/tcr/index.php?season=1999&basin=epac"
"311",13,"Hilary","HU","17 Sep–21 Sep",65,987,3.3,NA,NA,NA,1999,"Eastern Pacific","https://www.nhc.noaa.gov/data/tcr/index.php?season=1999&basin=epac"
"312",14,"Irwin","TS","08 Oct–11 Oct",50,996,1.7,NA,NA,NA,1999,"Eastern Pacific","https://www.nhc.noaa.gov/data/tcr/index.php?season=1999&basin=epac"
"313",4,"Unnamed","TD^","23 Jul–25 Jul",30,NA,0,NA,NA,NA,1999,"Central Pacific","https://www.nhc.noaa.gov/data/tcr/index.php?season=1999&basin=cpac"
"314",7,"Dora","MH^","06 Aug–23 Aug",120,943,13.7,NA,NA,NA,1999,"Central Pacific","https://www.nhc.noaa.gov/data/tcr/index.php?season=1999&basin=cpac"
"315",8,"Eugene","HU^","06 Aug–15 Aug",95,964,4.9,NA,NA,NA,1999,"Central Pacific","https://www.nhc.noaa.gov/data/tcr/index.php?season=1999&basin=cpac"
"316",1,"Unnamed","TD","07 Jun–08 Jun",25,NA,0,NA,NA,NA,2000,"Atlantic","https://www.nhc.noaa.gov/data/tcr/index.php?season=2000&basin=atl"
"317",2,"Unnamed","TD","23 Jun–25 Jun",30,NA,0,NA,NA,NA,2000,"Atlantic","https://www.nhc.noaa.gov/data/tcr/index.php?season=2000&basin=atl"
"318",3,"Alberto","MH","03 Aug–23 Aug",110,950,36.9,NA,NA,NA,2000,"Atlantic","https://www.nhc.noaa.gov/data/tcr/index.php?season=2000&basin=atl"
"319",4,"Unnamed","TD","08 Aug–11 Aug",30,NA,0,NA,NA,NA,2000,"Atlantic","https://www.nhc.noaa.gov/data/tcr/index.php?season=2000&basin=atl"
"320",5,"Beryl","TS","13 Aug–15 Aug",45,1007,0.9,NA,NA,NA,2000,"Atlantic","https://www.nhc.noaa.gov/data/tcr/index.php?season=2000&basin=atl"
"321",6,"Chris","TS","17 Aug–19 Aug",35,1008,0.1,NA,NA,NA,2000,"Atlantic","https://www.nhc.noaa.gov/data/tcr/index.php?season=2000&basin=atl"
"322",7,"Debby","HU","19 Aug–24 Aug",75,991,5.8,NA,NA,NA,2000,"Atlantic","https://www.nhc.noaa.gov/data/tcr/index.php?season=2000&basin=atl"
"323",8,"Ernesto","TS","01 Sep–03 Sep",35,1008,0.7,NA,NA,NA,2000,"Atlantic","https://www.nhc.noaa.gov/data/tcr/index.php?season=2000&basin=atl"
"324",9,"Unnamed","TD","08 Sep–09 Sep",30,NA,0,NA,NA,NA,2000,"Atlantic","https://www.nhc.noaa.gov/data/tcr/index.php?season=2000&basin=atl"
"325",10,"Florence","HU","10 Sep–17 Sep",70,985,8.5,NA,NA,NA,2000,"Atlantic","https://www.nhc.noaa.gov/data/tcr/index.php?season=2000&basin=atl"
"326",11,"Gordon","HU","14 Sep–18 Sep",70,981,3.4,NA,NA,NA,2000,"Atlantic","https://www.nhc.noaa.gov/data/tcr/index.php?season=2000&basin=atl"
"327",12,"Helene","TS","15 Sep–25 Sep",60,986,3.5,NA,NA,NA,2000,"Atlantic","https://www.nhc.noaa.gov/data/tcr/index.php?season=2000&basin=atl"
"328",13,"Isaac","MH","21 Sep–01 Oct",120,943,28.4,NA,NA,NA,2000,"Atlantic","https://www.nhc.noaa.gov/data/tcr/index.php?season=2000&basin=atl"
"329",14,"Joyce","HU","25 Sep–02 Oct",80,975,7.6,NA,NA,NA,2000,"Atlantic","https://www.nhc.noaa.gov/data/tcr/index.php?season=2000&basin=atl"
"330",15,"Keith","MH","28 Sep–06 Oct",120,939,12.2,NA,NA,NA,2000,"Atlantic","https://www.nhc.noaa.gov/data/tcr/index.php?season=2000&basin=atl"
"331",16,"Leslie","TS","04 Oct–07 Oct",40,1006,1.3,NA,NA,NA,2000,"Atlantic","https://www.nhc.noaa.gov/data/tcr/index.php?season=2000&basin=atl"
"332",17,"Michael","HU","15 Oct–19 Oct",85,965,5.6,NA,NA,NA,2000,"Atlantic","https://www.nhc.noaa.gov/data/tcr/index.php?season=2000&basin=atl"
"333",18,"Nadine","TS","19 Oct–21 Oct",50,999,1.2,NA,NA,NA,2000,"Atlantic","https://www.nhc.noaa.gov/data/tcr/index.php?season=2000&basin=atl"
"334",19,"Subtrop","SS","25 Oct–29 Oct",55,976,3.1,NA,NA,NA,2000,"Atlantic","https://www.nhc.noaa.gov/data/tcr/index.php?season=2000&basin=atl"
"335",1,"Aletta","HU","22 May–28 May",90,970,8.4,NA,NA,NA,2000,"Eastern Pacific","https://www.nhc.noaa.gov/data/tcr/index.php?season=2000&basin=epac"
"336",2,"Bud","TS","13 Jun–17 Jun",45,994,2,NA,NA,NA,2000,"Eastern Pacific","https://www.nhc.noaa.gov/data/tcr/index.php?season=2000&basin=epac"
"337",3,"Carlotta","MH","18 Jun–25 Jun",135,932,18.1,NA,NA,NA,2000,"Eastern Pacific","https://www.nhc.noaa.gov/data/tcr/index.php?season=2000&basin=epac"
"338",4,"Unnamed","TD","06 Jul–07 Jul",25,NA,0,NA,NA,NA,2000,"Eastern Pacific","https://www.nhc.noaa.gov/data/tcr/index.php?season=2000&basin=epac"
"339",5,"Unnamed","TD","22 Jul–23 Jul",30,NA,0,NA,NA,NA,2000,"Eastern Pacific","https://www.nhc.noaa.gov/data/tcr/index.php?season=2000&basin=epac"
"340",6,"Daniel","MH","23 Jul–05 Aug",110,954,17.8,NA,NA,NA,2000,"Eastern Pacific","https://www.nhc.noaa.gov/data/tcr/index.php?season=2000&basin=epac"
"341",7,"Emilia","TS","26 Jul–30 Jul",55,994,2.4,NA,NA,NA,2000,"Eastern Pacific","https://www.nhc.noaa.gov/data/tcr/index.php?season=2000&basin=epac"
"342",8,"Fabio","TS","03 Aug–08 Aug",45,1000,1.2,NA,NA,NA,2000,"Eastern Pacific","https://www.nhc.noaa.gov/data/tcr/index.php?season=2000&basin=epac"
"343",9,"Gilma","HU","05 Aug–11 Aug",70,984,4.3,NA,NA,NA,2000,"Eastern Pacific","https://www.nhc.noaa.gov/data/tcr/index.php?season=2000&basin=epac"
"344",10,"Hector","HU","10 Aug–16 Aug",70,983,5.2,NA,NA,NA,2000,"Eastern Pacific","https://www.nhc.noaa.gov/data/tcr/index.php?season=2000&basin=epac"
"345",11,"Ileana","TS","13 Aug–17 Aug",60,991,2.8,NA,NA,NA,2000,"Eastern Pacific","https://www.nhc.noaa.gov/data/tcr/index.php?season=2000&basin=epac"
"346",12,"John","TS^","28 Aug–01 Sep",60,994,1.5,NA,NA,NA,2000,"Eastern Pacific","https://www.nhc.noaa.gov/data/tcr/index.php?season=2000&basin=epac"
"347",13,"Kristy","TS","31 Aug–03 Sep",35,1004,0.4,NA,NA,NA,2000,"Eastern Pacific","https://www.nhc.noaa.gov/data/tcr/index.php?season=2000&basin=epac"
"348",14,"Lane","HU","05 Sep–14 Sep",85,967,11.3,NA,NA,NA,2000,"Eastern Pacific","https://www.nhc.noaa.gov/data/tcr/index.php?season=2000&basin=epac"
"349",15,"Miriam","TS","15 Sep–17 Sep",35,1004,0.2,NA,NA,NA,2000,"Eastern Pacific","https://www.nhc.noaa.gov/data/tcr/index.php?season=2000&basin=epac"
"350",16,"Norman","TS","20 Sep–22 Sep",45,998,0.5,NA,NA,NA,2000,"Eastern Pacific","https://www.nhc.noaa.gov/data/tcr/index.php?season=2000&basin=epac"
"351",17,"Olivia","TS","02 Oct–10 Oct",55,994,5.6,NA,NA,NA,2000,"Eastern Pacific","https://www.nhc.noaa.gov/data/tcr/index.php?season=2000&basin=epac"
"352",18,"Paul","TS","25 Oct–29 Oct",40,1003,0.8,NA,NA,NA,2000,"Eastern Pacific","https://www.nhc.noaa.gov/data/tcr/index.php?season=2000&basin=epac"
"353",19,"Rosa","TS","03 Nov–08 Nov",55,993,2.9,NA,NA,NA,2000,"Eastern Pacific","https://www.nhc.noaa.gov/data/tcr/index.php?season=2000&basin=epac"
"354",1,"Upana","TS","20 Jul–24 Jul",40,NA,1.1,NA,NA,NA,2000,"Central Pacific","https://www.nhc.noaa.gov/data/tcr/index.php?season=2000&basin=cpac"
"355",6,"Daniel","MH^","23 Jul–05 Aug",110,954,6.3,NA,NA,NA,2000,"Central Pacific","https://www.nhc.noaa.gov/data/tcr/index.php?season=2000&basin=cpac"
"356",2,"Wene","TS","16 Aug–17 Aug",45,NA,1,NA,NA,NA,2000,"Central Pacific","https://www.nhc.noaa.gov/data/tcr/index.php?season=2000&basin=cpac"
"357",12,"John","TS","28 Aug–01 Sep",60,994,2,NA,NA,NA,2000,"Central Pacific","https://www.nhc.noaa.gov/data/tcr/index.php?season=2000&basin=cpac"
"358",1,"Allison","TS","05 Jun–17 Jun",50,1000,1.3,NA,NA,NA,2001,"Atlantic","https://www.nhc.noaa.gov/data/tcr/index.php?season=2001&basin=atl"
"359",2,"Two","TD","11 Jul–12 Jul",25,1010,0,NA,NA,NA,2001,"Atlantic","https://www.nhc.noaa.gov/data/tcr/index.php?season=2001&basin=atl"
"360",3,"Barry","TS","02 Aug–07 Aug",60,990,2.5,NA,NA,NA,2001,"Atlantic","https://www.nhc.noaa.gov/data/tcr/index.php?season=2001&basin=atl"
"361",4,"Chantal","TS","14 Aug–22 Aug",60,997,4.6,NA,NA,NA,2001,"Atlantic","https://www.nhc.noaa.gov/data/tcr/index.php?season=2001&basin=atl"
"362",5,"Dean","TS","22 Aug–28 Aug",60,994,2.9,NA,NA,NA,2001,"Atlantic","https://www.nhc.noaa.gov/data/tcr/index.php?season=2001&basin=atl"
"363",6,"Erin","MH","01 Sep–15 Sep",105,968,20.1,NA,NA,NA,2001,"Atlantic","https://www.nhc.noaa.gov/data/tcr/index.php?season=2001&basin=atl"
"364",7,"Felix","MH","07 Sep–19 Sep",100,962,15.2,NA,NA,NA,2001,"Atlantic","https://www.nhc.noaa.gov/data/tcr/index.php?season=2001&basin=atl"
"365",8,"Gabrielle","HU","11 Sep–19 Sep",70,975,6.6,NA,NA,NA,2001,"Atlantic","https://www.nhc.noaa.gov/data/tcr/index.php?season=2001&basin=atl"
"366",9,"Nine","TD","19 Sep–20 Sep",30,1005,0,NA,NA,NA,2001,"Atlantic","https://www.nhc.noaa.gov/data/tcr/index.php?season=2001&basin=atl"
"367",10,"Humberto","HU","21 Sep–27 Sep",90,970,9.9,NA,NA,NA,2001,"Atlantic","https://www.nhc.noaa.gov/data/tcr/index.php?season=2001&basin=atl"
"368",11,"Iris","MH","04 Oct–09 Oct",125,948,10,NA,NA,NA,2001,"Atlantic","https://www.nhc.noaa.gov/data/tcr/index.php?season=2001&basin=atl"
"369",12,"Jerry","TS","06 Oct–08 Oct",45,1004,1.2,NA,NA,NA,2001,"Atlantic","https://www.nhc.noaa.gov/data/tcr/index.php?season=2001&basin=atl"
"370",13,"Karen","HU","12 Oct–15 Oct",70,982,5.1,NA,NA,NA,2001,"Atlantic","https://www.nhc.noaa.gov/data/tcr/index.php?season=2001&basin=atl"
"371",14,"Lorenzo","TS","27 Oct–31 Oct",35,1007,0.7,NA,NA,NA,2001,"Atlantic","https://www.nhc.noaa.gov/data/tcr/index.php?season=2001&basin=atl"
"372",15,"Michelle","MH","29 Oct–05 Nov",120,933,15.7,NA,NA,NA,2001,"Atlantic","https://www.nhc.noaa.gov/data/tcr/index.php?season=2001&basin=atl"
"373",16,"Noel","HU","04 Nov–06 Nov",65,986,3,NA,NA,NA,2001,"Atlantic","https://www.nhc.noaa.gov/data/tcr/index.php?season=2001&basin=atl"
"374",17,"Olga","HU","24 Nov–04 Dec",80,973,11.1,NA,NA,NA,2001,"Atlantic","https://www.nhc.noaa.gov/data/tcr/index.php?season=2001&basin=atl"
"375",1,"Unnamed","MH","25 May–01 Jun",125,940,18.5,NA,NA,NA,2001,"Eastern Pacific","https://www.nhc.noaa.gov/data/tcr/index.php?season=2001&basin=epac"
"376",2,"Unnamed","TS","20 Jun–26 Jun",50,997,1.4,NA,NA,NA,2001,"Eastern Pacific","https://www.nhc.noaa.gov/data/tcr/index.php?season=2001&basin=epac"
"377",3,"Unnamed","TS","13 Jul–15 Jul",40,1000,0.7,NA,NA,NA,2001,"Eastern Pacific","https://www.nhc.noaa.gov/data/tcr/index.php?season=2001&basin=epac"
"378",4,"Unnamed","TS","20 Jul–24 Jul",35,1001,0.9,NA,NA,NA,2001,"Eastern Pacific","https://www.nhc.noaa.gov/data/tcr/index.php?season=2001&basin=epac"
"379",5,"Unnamed","HU","21 Jul–28 Jul",65,987,7.7,NA,NA,NA,2001,"Eastern Pacific","https://www.nhc.noaa.gov/data/tcr/index.php?season=2001&basin=epac"
"380",6,"Unnamed","TD","22 Aug–24 Aug",30,1007,0,NA,NA,NA,2001,"Eastern Pacific","https://www.nhc.noaa.gov/data/tcr/index.php?season=2001&basin=epac"
"381",7,"Unnamed","HU","26 Aug–02 Sep",90,972,9.7,NA,NA,NA,2001,"Eastern Pacific","https://www.nhc.noaa.gov/data/tcr/index.php?season=2001&basin=epac"
"382",8,"Unnamed","HU","04 Sep–09 Sep",85,975,7.5,NA,NA,NA,2001,"Eastern Pacific","https://www.nhc.noaa.gov/data/tcr/index.php?season=2001&basin=epac"
"383",9,"Unnamed","TS","04 Sep–08 Sep",55,994,2.6,NA,NA,NA,2001,"Eastern Pacific","https://www.nhc.noaa.gov/data/tcr/index.php?season=2001&basin=epac"
"384",10,"Unnamed","TS","10 Sep–15 Sep",45,997,1.9,NA,NA,NA,2001,"Eastern Pacific","https://www.nhc.noaa.gov/data/tcr/index.php?season=2001&basin=epac"
"385",11,"Unnamed","MH","21 Sep–03 Oct",125,923,24.8,NA,NA,NA,2001,"Eastern Pacific","https://www.nhc.noaa.gov/data/tcr/index.php?season=2001&basin=epac"
"386",12,"Unnamed","HU","21 Sep–25 Sep",65,990,3,NA,NA,NA,2001,"Eastern Pacific","https://www.nhc.noaa.gov/data/tcr/index.php?season=2001&basin=epac"
"387",13,"Unnamed","TS","02 Oct–04 Oct",50,997,1.4,NA,NA,NA,2001,"Eastern Pacific","https://www.nhc.noaa.gov/data/tcr/index.php?season=2001&basin=epac"
"388",14,"Unnamed","TD","03 Oct–04 Oct",30,1008,0,NA,NA,NA,2001,"Eastern Pacific","https://www.nhc.noaa.gov/data/tcr/index.php?season=2001&basin=epac"
"389",15,"Unnamed","TS","10 Oct–18 Oct",50,997,2.5,NA,NA,NA,2001,"Eastern Pacific","https://www.nhc.noaa.gov/data/tcr/index.php?season=2001&basin=epac"
"390",16,"Unnamed","HU","20 Oct–25 Oct",75,980,4.1,NA,NA,NA,2001,"Eastern Pacific","https://www.nhc.noaa.gov/data/tcr/index.php?season=2001&basin=epac"
"391",17,"Unnamed","HU","31 Oct–03 Nov",75,980,3.9,NA,NA,NA,2001,"Eastern Pacific","https://www.nhc.noaa.gov/data/tcr/index.php?season=2001&basin=epac"
"392",2,"Unnamed","TS^","20 Jun–26 Jun",50,997,0,NA,NA,NA,2001,"Central Pacific","https://www.nhc.noaa.gov/data/tcr/index.php?season=2001&basin=cpac"
"393",1,"Unnamed","TD","10 Sep–11 Sep",30,1005,0,NA,NA,NA,2001,"Central Pacific","https://www.nhc.noaa.gov/data/tcr/index.php?season=2001&basin=cpac"
"394",2,"Unnamed","TS","22 Sep–25 Sep",35,1008,0.1,NA,NA,NA,2001,"Central Pacific","https://www.nhc.noaa.gov/data/tcr/index.php?season=2001&basin=cpac"
"395",16,"Unnamed","HU^","20 Oct–25 Oct",75,980,0,NA,NA,NA,2001,"Central Pacific","https://www.nhc.noaa.gov/data/tcr/index.php?season=2001&basin=cpac"
"396",1,"Arthur","TS","14 Jul–16 Jul",50,997,1.5,NA,NA,NA,2002,"Atlantic","https://www.nhc.noaa.gov/data/tcr/index.php?season=2002&basin=atl"
"397",2,"Bertha","TS","04 Aug–09 Aug",35,1007,0.2,NA,NA,NA,2002,"Atlantic","https://www.nhc.noaa.gov/data/tcr/index.php?season=2002&basin=atl"
"398",3,"Cristobal","TS","05 Aug–08 Aug",45,999,1.6,NA,NA,NA,2002,"Atlantic","https://www.nhc.noaa.gov/data/tcr/index.php?season=2002&basin=atl"
"399",4,"Dolly","TS","29 Aug–04 Sep",50,997,3.9,NA,NA,NA,2002,"Atlantic","https://www.nhc.noaa.gov/data/tcr/index.php?season=2002&basin=atl"
"400",5,"Edouard","TS","01 Sep–06 Sep",55,1002,1.8,NA,NA,NA,2002,"Atlantic","https://www.nhc.noaa.gov/data/tcr/index.php?season=2002&basin=atl"
"401",6,"Fay","TS","05 Sep–08 Sep",50,998,1.3,NA,NA,NA,2002,"Atlantic","https://www.nhc.noaa.gov/data/tcr/index.php?season=2002&basin=atl"
"402",7,"Seven","TD","07 Sep–08 Sep",30,1013,0,NA,NA,NA,2002,"Atlantic","https://www.nhc.noaa.gov/data/tcr/index.php?season=2002&basin=atl"
"403",8,"Gustav","HU","08 Sep–12 Sep",85,960,4.8,NA,NA,NA,2002,"Atlantic","https://www.nhc.noaa.gov/data/tcr/index.php?season=2002&basin=atl"
"404",9,"Hannah","TS","12 Sep–15 Sep",50,1001,1.8,NA,NA,NA,2002,"Atlantic","https://www.nhc.noaa.gov/data/tcr/index.php?season=2002&basin=atl"
"405",10,"Isidore","MH","14 Sep–27 Sep",110,934,17.8,NA,NA,NA,2002,"Atlantic","https://www.nhc.noaa.gov/data/tcr/index.php?season=2002&basin=atl"
"406",11,"Josephine","TS","17 Sep–19 Sep",35,1009,0.6,NA,NA,NA,2002,"Atlantic","https://www.nhc.noaa.gov/data/tcr/index.php?season=2002&basin=atl"
"407",12,"Kyle","HU","20 Sep–12 Oct",75,980,15.5,NA,NA,NA,2002,"Atlantic","https://www.nhc.noaa.gov/data/tcr/index.php?season=2002&basin=atl"
"408",13,"Lili","MH","21 Sep–04 Oct",125,938,16.5,NA,NA,NA,2002,"Atlantic","https://www.nhc.noaa.gov/data/tcr/index.php?season=2002&basin=atl"
"409",14,"Fourteen","TD","14 Oct–16 Oct",30,1002,0,NA,NA,NA,2002,"Atlantic","https://www.nhc.noaa.gov/data/tcr/index.php?season=2002&basin=atl"
"410",1,"Unnamed","MH","24 May–01 Jun",100,960,10.3,NA,NA,NA,2002,"Eastern Pacific","https://www.nhc.noaa.gov/data/tcr/index.php?season=2002&basin=epac"
"411",2,"Unnamed","TS","08 Jun–11 Jun",50,997,1.4,NA,NA,NA,2002,"Eastern Pacific","https://www.nhc.noaa.gov/data/tcr/index.php?season=2002&basin=epac"
"412",3,"Unnamed","TD","27 Jun–29 Jun",30,1006,0,NA,NA,NA,2002,"Eastern Pacific","https://www.nhc.noaa.gov/data/tcr/index.php?season=2002&basin=epac"
"413",4,"Unnamed","TS","09 Jul–16 Jul",55,994,2.5,NA,NA,NA,2002,"Eastern Pacific","https://www.nhc.noaa.gov/data/tcr/index.php?season=2002&basin=epac"
"414",5,"Unnamed","HU","20 Jul–26 Jul",90,970,9.3,NA,NA,NA,2002,"Eastern Pacific","https://www.nhc.noaa.gov/data/tcr/index.php?season=2002&basin=epac"
"415",6,"Unnamed","MH","23 Jul–30 Jul",140,921,18.1,NA,NA,NA,2002,"Eastern Pacific","https://www.nhc.noaa.gov/data/tcr/index.php?season=2002&basin=epac"
"416",7,"Unnamed","TD","06 Aug–08 Aug",30,1008,0,NA,NA,NA,2002,"Eastern Pacific","https://www.nhc.noaa.gov/data/tcr/index.php?season=2002&basin=epac"
"417",8,"Unnamed","MH","21 Aug–03 Sep",125,936,16.6,NA,NA,NA,2002,"Eastern Pacific","https://www.nhc.noaa.gov/data/tcr/index.php?season=2002&basin=epac"
"418",9,"Unnamed","TS","26 Aug–01 Sep",60,989,3.6,NA,NA,NA,2002,"Eastern Pacific","https://www.nhc.noaa.gov/data/tcr/index.php?season=2002&basin=epac"
"419",10,"Unnamed","MH","30 Aug–06 Sep",140,921,20,NA,NA,NA,2002,"Eastern Pacific","https://www.nhc.noaa.gov/data/tcr/index.php?season=2002&basin=epac"
"420",11,"Unnamed","TD","05 Sep–08 Sep",30,1006,0,NA,NA,NA,2002,"Eastern Pacific","https://www.nhc.noaa.gov/data/tcr/index.php?season=2002&basin=epac"
"421",12,"Unnamed","TS","15 Sep–20 Sep",60,990,3.2,NA,NA,NA,2002,"Eastern Pacific","https://www.nhc.noaa.gov/data/tcr/index.php?season=2002&basin=epac"
"422",13,"Unnamed","TS","25 Sep–26 Sep",40,1000,0.6,NA,NA,NA,2002,"Eastern Pacific","https://www.nhc.noaa.gov/data/tcr/index.php?season=2002&basin=epac"
"423",14,"Unnamed","MH","22 Oct–26 Oct",145,913,14.2,NA,NA,NA,2002,"Eastern Pacific","https://www.nhc.noaa.gov/data/tcr/index.php?season=2002&basin=epac"
"424",15,"Unnamed","TS^","22 Oct–31 Oct",45,1002,0.9,NA,NA,NA,2002,"Eastern Pacific","https://www.nhc.noaa.gov/data/tcr/index.php?season=2002&basin=epac"
"425",16,"Unnamed","TD","14 Nov–16 Nov",30,1006,0,NA,NA,NA,2002,"Eastern Pacific","https://www.nhc.noaa.gov/data/tcr/index.php?season=2002&basin=epac"
"426",8,"Unnamed","MH^","21 Aug–03 Sep",125,936,0.7,NA,NA,NA,2002,"Central Pacific","https://www.nhc.noaa.gov/data/tcr/index.php?season=2002&basin=cpac"
"427",1,"Unnamed","TS","21 Aug–28 Aug",55,995,1.7,NA,NA,NA,2002,"Central Pacific","https://www.nhc.noaa.gov/data/tcr/index.php?season=2002&basin=cpac"
"428",2,"Unnamed","MH","25 Aug–30 Aug",110,945,7.2,NA,NA,NA,2002,"Central Pacific","https://www.nhc.noaa.gov/data/tcr/index.php?season=2002&basin=cpac"
"429",15,"Unnamed","TS","22 Oct–31 Oct",45,1002,1.1,NA,NA,NA,2002,"Central Pacific","https://www.nhc.noaa.gov/data/tcr/index.php?season=2002&basin=cpac"
"430",3,"Unnamed","HU","23 Oct–03 Nov",75,980,12.9,NA,NA,NA,2002,"Central Pacific","https://www.nhc.noaa.gov/data/tcr/index.php?season=2002&basin=cpac"
"431",1,"Ana","TS","20 Apr–24 Apr",50,994,3.2,NA,NA,NA,2003,"Atlantic","https://www.nhc.noaa.gov/data/tcr/index.php?season=2003&basin=atl"
"432",2,"Two","TD","11 Jun–11 Jun",30,1008,0,NA,NA,NA,2003,"Atlantic","https://www.nhc.noaa.gov/data/tcr/index.php?season=2003&basin=atl"
"433",3,"Bill","TS","29 Jun–02 Jul",50,997,1.4,NA,NA,NA,2003,"Atlantic","https://www.nhc.noaa.gov/data/tcr/index.php?season=2003&basin=atl"
"434",4,"Claudette","HU","08 Jul–17 Jul",80,979,9.2,NA,NA,NA,2003,"Atlantic","https://www.nhc.noaa.gov/data/tcr/index.php?season=2003&basin=atl"
"435",5,"Danny","HU","16 Jul–21 Jul",65,1000,4.6,NA,NA,NA,2003,"Atlantic","https://www.nhc.noaa.gov/data/tcr/index.php?season=2003&basin=atl"
"436",6,"Six","TD","19 Jul–21 Jul",30,1010,0,NA,NA,NA,2003,"Atlantic","https://www.nhc.noaa.gov/data/tcr/index.php?season=2003&basin=atl"
"437",7,"Seven","TD","25 Jul–27 Jul",30,1016,0,NA,NA,NA,2003,"Atlantic","https://www.nhc.noaa.gov/data/tcr/index.php?season=2003&basin=atl"
"438",8,"Erika","HU","14 Aug–17 Aug",65,986,2.1,NA,NA,NA,2003,"Atlantic","https://www.nhc.noaa.gov/data/tcr/index.php?season=2003&basin=atl"
"439",9,"Nine","TD","21 Aug–22 Aug",30,1007,0,NA,NA,NA,2003,"Atlantic","https://www.nhc.noaa.gov/data/tcr/index.php?season=2003&basin=atl"
"440",10,"Fabian","MH","27 Aug–08 Sep",125,939,43.2,NA,NA,NA,2003,"Atlantic","https://www.nhc.noaa.gov/data/tcr/index.php?season=2003&basin=atl"
"441",11,"Grace","TS","30 Aug–02 Sep",35,1007,0.5,NA,NA,NA,2003,"Atlantic","https://www.nhc.noaa.gov/data/tcr/index.php?season=2003&basin=atl"
"442",12,"Henri","TS","03 Sep–08 Sep",50,997,0.5,NA,NA,NA,2003,"Atlantic","https://www.nhc.noaa.gov/data/tcr/index.php?season=2003&basin=atl"
"443",13,"Isabel","MH","06 Sep–19 Sep",145,915,63.3,NA,NA,NA,2003,"Atlantic","https://www.nhc.noaa.gov/data/tcr/index.php?season=2003&basin=atl"
"444",14,"Fourteen","TD","08 Sep–10 Sep",30,1007,0,NA,NA,NA,2003,"Atlantic","https://www.nhc.noaa.gov/data/tcr/index.php?season=2003&basin=atl"
"445",15,"Juan","HU","24 Sep–29 Sep",90,969,9.4,NA,NA,NA,2003,"Atlantic","https://www.nhc.noaa.gov/data/tcr/index.php?season=2003&basin=atl"
"446",16,"Kate","MH","25 Sep–07 Oct",110,952,21.9,NA,NA,NA,2003,"Atlantic","https://www.nhc.noaa.gov/data/tcr/index.php?season=2003&basin=atl"
"447",17,"Larry","TS","01 Oct–06 Oct",55,993,4.1,NA,NA,NA,2003,"Atlantic","https://www.nhc.noaa.gov/data/tcr/index.php?season=2003&basin=atl"
"448",18,"Mindy","TS","10 Oct–14 Oct",40,1002,0.8,NA,NA,NA,2003,"Atlantic","https://www.nhc.noaa.gov/data/tcr/index.php?season=2003&basin=atl"
"449",19,"Nicholas","TS","13 Oct–23 Oct",60,990,7.3,NA,NA,NA,2003,"Atlantic","https://www.nhc.noaa.gov/data/tcr/index.php?season=2003&basin=atl"
"450",20,"Odette","TS","04 Dec–07 Dec",55,993,2.8,NA,NA,NA,2003,"Atlantic","https://www.nhc.noaa.gov/data/tcr/index.php?season=2003&basin=atl"
"451",21,"Peter","TS","07 Dec–11 Dec",60,990,2.1,NA,NA,NA,2003,"Atlantic","https://www.nhc.noaa.gov/data/tcr/index.php?season=2003&basin=atl"
"452",1,"Unnamed","TS","19 May–25 May",50,997,4.1,NA,NA,NA,2003,"Eastern Pacific","https://www.nhc.noaa.gov/data/tcr/index.php?season=2003&basin=epac"
"453",2,"Unnamed","TS","17 Jun–22 Jun",50,997,2.2,NA,NA,NA,2003,"Eastern Pacific","https://www.nhc.noaa.gov/data/tcr/index.php?season=2003&basin=epac"
"454",3,"Unnamed","TS","26 Jun–27 Jun",55,996,0.8,NA,NA,NA,2003,"Eastern Pacific","https://www.nhc.noaa.gov/data/tcr/index.php?season=2003&basin=epac"
"455",4,"Unnamed","TS","06 Jul–08 Jul",35,1005,0.2,NA,NA,NA,2003,"Eastern Pacific","https://www.nhc.noaa.gov/data/tcr/index.php?season=2003&basin=epac"
"456",5,"Unnamed","TS","10 Jul–13 Jul",55,993,2.1,NA,NA,NA,2003,"Eastern Pacific","https://www.nhc.noaa.gov/data/tcr/index.php?season=2003&basin=epac"
"457",6,"Unnamed","TS","17 Jul–23 Jul",45,1000,1.2,NA,NA,NA,2003,"Eastern Pacific","https://www.nhc.noaa.gov/data/tcr/index.php?season=2003&basin=epac"
"458",7,"Unnamed","TS","07 Aug–12 Aug",50,997,2.7,NA,NA,NA,2003,"Eastern Pacific","https://www.nhc.noaa.gov/data/tcr/index.php?season=2003&basin=epac"
"459",8,"Unnamed","TS","09 Aug–13 Aug",35,1004,0.9,NA,NA,NA,2003,"Eastern Pacific","https://www.nhc.noaa.gov/data/tcr/index.php?season=2003&basin=epac"
"460",9,"Unnamed","HU","22 Aug–27 Aug",90,970,6.7,NA,NA,NA,2003,"Eastern Pacific","https://www.nhc.noaa.gov/data/tcr/index.php?season=2003&basin=epac"
"461",10,"Unnamed","HU^","28 Aug–05 Sep",90,970,3.3,NA,NA,NA,2003,"Eastern Pacific","https://www.nhc.noaa.gov/data/tcr/index.php?season=2003&basin=epac"
"462",11,"Unnamed","TS","03 Sep–06 Sep",35,1000,0.1,NA,NA,NA,2003,"Eastern Pacific","https://www.nhc.noaa.gov/data/tcr/index.php?season=2003&basin=epac"
"463",12,"Unnamed","HU","13 Sep–17 Sep",65,987,2.8,NA,NA,NA,2003,"Eastern Pacific","https://www.nhc.noaa.gov/data/tcr/index.php?season=2003&basin=epac"
"464",13,"Unnamed","HU","18 Sep–24 Sep",85,970,6.1,NA,NA,NA,2003,"Eastern Pacific","https://www.nhc.noaa.gov/data/tcr/index.php?season=2003&basin=epac"
"465",14,"Unnamed","HU","01 Oct–09 Oct",90,969,8.8,NA,NA,NA,2003,"Eastern Pacific","https://www.nhc.noaa.gov/data/tcr/index.php?season=2003&basin=epac"
"466",15,"Unnamed","HU","03 Oct–08 Oct",65,987,4,NA,NA,NA,2003,"Eastern Pacific","https://www.nhc.noaa.gov/data/tcr/index.php?season=2003&basin=epac"
"467",16,"Unnamed","HU","20 Oct–26 Oct",70,984,4.5,NA,NA,NA,2003,"Eastern Pacific","https://www.nhc.noaa.gov/data/tcr/index.php?season=2003&basin=epac"
"468",1,"Unnamed","TS^","19 May–25 May",50,997,0,NA,NA,NA,2003,"Central Pacific","https://www.nhc.noaa.gov/data/tcr/index.php?season=2003&basin=cpac"
"469",6,"Unnamed","TS^","17 Jul–23 Jul",45,1000,0,NA,NA,NA,2003,"Central Pacific","https://www.nhc.noaa.gov/data/tcr/index.php?season=2003&basin=cpac"
"470",7,"Unnamed","TS^","07 Aug–12 Aug",50,997,0,NA,NA,NA,2003,"Central Pacific","https://www.nhc.noaa.gov/data/tcr/index.php?season=2003&basin=cpac"
"471",1,"Unnamed","TD","11 Aug–17 Aug",30,1009,0,NA,NA,NA,2003,"Central Pacific","https://www.nhc.noaa.gov/data/tcr/index.php?season=2003&basin=cpac"
"472",10,"Unnamed","HU","28 Aug–05 Sep",90,970,6,NA,NA,NA,2003,"Central Pacific","https://www.nhc.noaa.gov/data/tcr/index.php?season=2003&basin=cpac"
"473",1,"Alex","MH","31 Jul–06 Aug",105,957,11.4,NA,NA,NA,2004,"Atlantic","https://www.nhc.noaa.gov/data/tcr/index.php?season=2004&basin=atl"
"474",2,"Bonnie","TS","03 Aug–13 Aug",55,1001,2.6,NA,NA,NA,2004,"Atlantic","https://www.nhc.noaa.gov/data/tcr/index.php?season=2004&basin=atl"
"475",3,"Charley","MH","09 Aug–14 Aug",130,941,10.6,NA,NA,NA,2004,"Atlantic","https://www.nhc.noaa.gov/data/tcr/index.php?season=2004&basin=atl"
"476",4,"Danielle","HU","13 Aug–21 Aug",95,964,12.1,NA,NA,NA,2004,"Atlantic","https://www.nhc.noaa.gov/data/tcr/index.php?season=2004&basin=atl"
"477",5,"Earl","TS","13 Aug–15 Aug",45,1009,0.8,NA,NA,NA,2004,"Atlantic","https://www.nhc.noaa.gov/data/tcr/index.php?season=2004&basin=atl"
"478",6,"Frances","MH","25 Aug–08 Sep",125,935,45.9,NA,NA,NA,2004,"Atlantic","https://www.nhc.noaa.gov/data/tcr/index.php?season=2004&basin=atl"
"479",7,"Gaston","HU","27 Aug–01 Sep",65,985,2.7,NA,NA,NA,2004,"Atlantic","https://www.nhc.noaa.gov/data/tcr/index.php?season=2004&basin=atl"
"480",8,"Hermine","TS","27 Aug–31 Aug",50,1002,1.3,NA,NA,NA,2004,"Atlantic","https://www.nhc.noaa.gov/data/tcr/index.php?season=2004&basin=atl"
"481",9,"Ivan","MH","02 Sep–24 Sep",145,910,70.4,NA,NA,NA,2004,"Atlantic","https://www.nhc.noaa.gov/data/tcr/index.php?season=2004&basin=atl"
"482",10,"Ten","TD","07 Sep–09 Sep",30,1009,0,NA,NA,NA,2004,"Atlantic","https://www.nhc.noaa.gov/data/tcr/index.php?season=2004&basin=atl"
"483",11,"Jeanne","MH","13 Sep–28 Sep",105,950,24.2,NA,NA,NA,2004,"Atlantic","https://www.nhc.noaa.gov/data/tcr/index.php?season=2004&basin=atl"
"484",12,"Karl","MH","16 Sep–24 Sep",125,938,28.4,NA,NA,NA,2004,"Atlantic","https://www.nhc.noaa.gov/data/tcr/index.php?season=2004&basin=atl"
"485",13,"Lisa","HU","19 Sep–03 Oct",65,987,12.2,NA,NA,NA,2004,"Atlantic","https://www.nhc.noaa.gov/data/tcr/index.php?season=2004&basin=atl"
"486",14,"Matthew","TS","08 Oct–10 Oct",40,997,1,NA,NA,NA,2004,"Atlantic","https://www.nhc.noaa.gov/data/tcr/index.php?season=2004&basin=atl"
"487",15,"Nicole","SS","10 Oct–11 Oct",45,986,1.2,NA,NA,NA,2004,"Atlantic","https://www.nhc.noaa.gov/data/tcr/index.php?season=2004&basin=atl"
"488",16,"Otto","TS","29 Nov–03 Dec",45,995,1.9,NA,NA,NA,2004,"Atlantic","https://www.nhc.noaa.gov/data/tcr/index.php?season=2004&basin=atl"
"489",1,"Unnamed","TS","22 May–24 May",50,997,1.1,NA,NA,NA,2004,"Eastern Pacific","https://www.nhc.noaa.gov/data/tcr/index.php?season=2004&basin=epac"
"490",2,"Unnamed","TD","02 Jul–03 Jul",30,1007,0,NA,NA,NA,2004,"Eastern Pacific","https://www.nhc.noaa.gov/data/tcr/index.php?season=2004&basin=epac"
"491",3,"Unnamed","TS","12 Jul–15 Jul",55,991,1.6,NA,NA,NA,2004,"Eastern Pacific","https://www.nhc.noaa.gov/data/tcr/index.php?season=2004&basin=epac"
"492",4,"Unnamed","HU","19 Jul–25 Jul",75,981,5.1,NA,NA,NA,2004,"Eastern Pacific","https://www.nhc.noaa.gov/data/tcr/index.php?season=2004&basin=epac"
"493",5,"Unnamed","MH","26 Jul–01 Aug",105,957,9,NA,NA,NA,2004,"Eastern Pacific","https://www.nhc.noaa.gov/data/tcr/index.php?season=2004&basin=epac"
"494",6,"Unnamed","TD","01 Aug–02 Aug",25,1008,0,NA,NA,NA,2004,"Eastern Pacific","https://www.nhc.noaa.gov/data/tcr/index.php?season=2004&basin=epac"
"495",7,"Unnamed","TS^","19 Aug–24 Aug",60,989,0.8,NA,NA,NA,2004,"Eastern Pacific","https://www.nhc.noaa.gov/data/tcr/index.php?season=2004&basin=epac"
"496",8,"Unnamed","HU","23 Aug–26 Aug",75,979,3.7,NA,NA,NA,2004,"Eastern Pacific","https://www.nhc.noaa.gov/data/tcr/index.php?season=2004&basin=epac"
"497",9,"Unnamed","TD","23 Aug–26 Aug",30,1005,0,NA,NA,NA,2004,"Eastern Pacific","https://www.nhc.noaa.gov/data/tcr/index.php?season=2004&basin=epac"
"498",10,"Unnamed","TS","26 Aug–30 Aug",55,995,2.9,NA,NA,NA,2004,"Eastern Pacific","https://www.nhc.noaa.gov/data/tcr/index.php?season=2004&basin=epac"
"499",11,"Unnamed","MH","30 Aug–05 Sep",120,943,12.5,NA,NA,NA,2004,"Eastern Pacific","https://www.nhc.noaa.gov/data/tcr/index.php?season=2004&basin=epac"
"500",12,"Unnamed","HU","08 Sep–16 Sep",65,987,4.9,NA,NA,NA,2004,"Eastern Pacific","https://www.nhc.noaa.gov/data/tcr/index.php?season=2004&basin=epac"
"501",13,"Unnamed","MH","10 Sep–19 Sep",130,930,27,NA,NA,NA,2004,"Eastern Pacific","https://www.nhc.noaa.gov/data/tcr/index.php?season=2004&basin=epac"
"502",14,"Unnamed","TS","04 Oct–06 Oct",40,1004,0.3,NA,NA,NA,2004,"Eastern Pacific","https://www.nhc.noaa.gov/data/tcr/index.php?season=2004&basin=epac"
"503",15,"Unnamed","TS","11 Oct–13 Oct",45,1000,0.5,NA,NA,NA,2004,"Eastern Pacific","https://www.nhc.noaa.gov/data/tcr/index.php?season=2004&basin=epac"
"504",16,"Unnamed","TD","25 Oct–26 Oct",30,1004,0,NA,NA,NA,2004,"Eastern Pacific","https://www.nhc.noaa.gov/data/tcr/index.php?season=2004&basin=epac"
"505",1,"Unnamed","TD","04 Jul–06 Jul",25,1007,0,NA,NA,NA,2004,"Central Pacific","https://www.nhc.noaa.gov/data/tcr/index.php?season=2004&basin=cpac"
"506",5,"Unnamed","MH^","26 Jul–01 Aug",105,957,0,NA,NA,NA,2004,"Central Pacific","https://www.nhc.noaa.gov/data/tcr/index.php?season=2004&basin=cpac"
"507",7,"Unnamed","TS","19 Aug–24 Aug",60,989,1.8,NA,NA,NA,2004,"Central Pacific","https://www.nhc.noaa.gov/data/tcr/index.php?season=2004&basin=cpac"
"508",10,"Unnamed","TS^","26 Aug–30 Aug",55,995,0,NA,NA,NA,2004,"Central Pacific","https://www.nhc.noaa.gov/data/tcr/index.php?season=2004&basin=cpac"
"509",12,"Unnamed","HU^","08 Sep–16 Sep",65,987,0,NA,NA,NA,2004,"Central Pacific","https://www.nhc.noaa.gov/data/tcr/index.php?season=2004&basin=cpac"
"510",1,"Arlene","TS","08 Jun–13 Jun",60,989,2.6,1,0,"Final",2005,"Atlantic","https://www.nhc.noaa.gov/data/tcr/index.php?season=2005&basin=atl"
"511",2,"Bret","TS","28 Jun–30 Jun",35,1002,0.4,1,0,"Final",2005,"Atlantic","https://www.nhc.noaa.gov/data/tcr/index.php?season=2005&basin=atl"
"512",3,"Cindy","HU","03 Jul–07 Jul",65,991,1.5,1,320,"Final",2005,"Atlantic","https://www.nhc.noaa.gov/data/tcr/index.php?season=2005&basin=atl"
"513",4,"Dennis","MH","04 Jul–13 Jul",130,930,18.8,42,2545,"Final",2005,"Atlantic","https://www.nhc.noaa.gov/data/tcr/index.php?season=2005&basin=atl"
"514",5,"Emily","MH","11 Jul–21 Jul",140,929,32.9,6,0,"Final",2005,"Atlantic","https://www.nhc.noaa.gov/data/tcr/index.php?season=2005&basin=atl"
"515",6,"Franklin","TS","21 Jul–29 Jul",60,997,6.7,0,0,"Final",2005,"Atlantic","https://www.nhc.noaa.gov/data/tcr/index.php?season=2005&basin=atl"
"516",7,"Gert","TS","23 Jul–25 Jul",40,1005,0.5,0,0,"Final",2005,"Atlantic","https://www.nhc.noaa.gov/data/tcr/index.php?season=2005&basin=atl"
"517",8,"Harvey","TS","02 Aug–08 Aug",55,994,5.4,0,0,"Final",2005,"Atlantic","https://www.nhc.noaa.gov/data/tcr/index.php?season=2005&basin=atl"
"518",9,"Irene","HU","04 Aug–18 Aug",90,970,13.1,0,0,"Final",2005,"Atlantic","https://www.nhc.noaa.gov/data/tcr/index.php?season=2005&basin=atl"
"519",10,"Ten","TD","13 Aug–14 Aug",30,1008,0,0,0,"Final",2005,"Atlantic","https://www.nhc.noaa.gov/data/tcr/index.php?season=2005&basin=atl"
"520",11,"Jose","TS","22 Aug–23 Aug",50,998,0.4,6,0,"Final",2005,"Atlantic","https://www.nhc.noaa.gov/data/tcr/index.php?season=2005&basin=atl"
"521",12,"Katrina","MH","23 Aug–30 Aug",150,902,20,520,125000,"Final",2005,"Atlantic","https://www.nhc.noaa.gov/data/tcr/index.php?season=2005&basin=atl"
"522",13,"Lee","TS","28 Aug–02 Sep",35,1006,0.2,0,0,"Final",2005,"Atlantic","https://www.nhc.noaa.gov/data/tcr/index.php?season=2005&basin=atl"
"523",14,"Maria","MH","01 Sep–10 Sep",100,962,14.3,0,0,"Final",2005,"Atlantic","https://www.nhc.noaa.gov/data/tcr/index.php?season=2005&basin=atl"
"524",15,"Nate","HU","05 Sep–10 Sep",80,979,7.2,0,0,"Final",2005,"Atlantic","https://www.nhc.noaa.gov/data/tcr/index.php?season=2005&basin=atl"
"525",16,"Ophelia","HU","06 Sep–17 Sep",75,976,15.7,1,70,"Final",2005,"Atlantic","https://www.nhc.noaa.gov/data/tcr/index.php?season=2005&basin=atl"
"526",17,"Philippe","HU","17 Sep–23 Sep",70,985,6,0,0,"Final",2005,"Atlantic","https://www.nhc.noaa.gov/data/tcr/index.php?season=2005&basin=atl"
"527",18,"Rita","MH","18 Sep–26 Sep",155,895,25.1,7,12037,"Final",2005,"Atlantic","https://www.nhc.noaa.gov/data/tcr/index.php?season=2005&basin=atl"
"528",19,"Nineteen","TD","30 Sep–02 Oct",30,1006,0,0,0,"Final",2005,"Atlantic","https://www.nhc.noaa.gov/data/tcr/index.php?season=2005&basin=atl"
"529",20,"Stan","HU","01 Oct–05 Oct",70,977,2.4,80,0,"Final",2005,"Atlantic","https://www.nhc.noaa.gov/data/tcr/index.php?season=2005&basin=atl"
"530",21,"Unnamed","SS","04 Oct–05 Oct",45,997,0.5,0,0,"Final",2005,"Atlantic","https://www.nhc.noaa.gov/data/tcr/index.php?season=2005&basin=atl"
"531",22,"Tammy","TS","05 Oct–06 Oct",45,1001,0.8,0,25,"Final",2005,"Atlantic","https://www.nhc.noaa.gov/data/tcr/index.php?season=2005&basin=atl"
"532",23,"Twenty-Two","SD","08 Oct–10 Oct",30,1008,0,0,0,"Final",2005,"Atlantic","https://www.nhc.noaa.gov/data/tcr/index.php?season=2005&basin=atl"
"533",24,"Vince","HU","08 Oct–11 Oct",65,988,2.7,0,0,"Final",2005,"Atlantic","https://www.nhc.noaa.gov/data/tcr/index.php?season=2005&basin=atl"
"534",25,"Wilma","MH","15 Oct–25 Oct",160,882,38.9,23,21007,"Final",2005,"Atlantic","https://www.nhc.noaa.gov/data/tcr/index.php?season=2005&basin=atl"
"535",26,"Alpha","TS","22 Oct–24 Oct",45,998,0.7,28,0,"Final",2005,"Atlantic","https://www.nhc.noaa.gov/data/tcr/index.php?season=2005&basin=atl"
"536",27,"Beta","MH","26 Oct–31 Oct",100,962,6.5,0,0,"Final",2005,"Atlantic","https://www.nhc.noaa.gov/data/tcr/index.php?season=2005&basin=atl"
"537",28,"Gamma","TS","14 Nov–21 Nov",45,1002,1.3,37,0,"Final",2005,"Atlantic","https://www.nhc.noaa.gov/data/tcr/index.php?season=2005&basin=atl"
"538",29,"Delta","TS","22 Nov–28 Nov",60,980,6,0,0,"Final",2005,"Atlantic","https://www.nhc.noaa.gov/data/tcr/index.php?season=2005&basin=atl"
"539",30,"Epsilon","HU","29 Nov–08 Dec",75,981,13.4,0,0,"Final",2005,"Atlantic","https://www.nhc.noaa.gov/data/tcr/index.php?season=2005&basin=atl"
"540",31,"Zeta","TS","30 Dec–06 Jan",55,994,6.3,0,0,"Final",2005,"Atlantic","https://www.nhc.noaa.gov/data/tcr/index.php?season=2005&basin=atl"
"541",1,"Adrian","HU","17 May–21 May",70,982,2.8,NA,NA,NA,2005,"Eastern Pacific","https://www.nhc.noaa.gov/data/tcr/index.php?season=2005&basin=epac"
"542",2,"Beatriz","TS","21 Jun–24 Jun",45,1000,1,NA,NA,NA,2005,"Eastern Pacific","https://www.nhc.noaa.gov/data/tcr/index.php?season=2005&basin=epac"
"543",3,"Calvin","TS","26 Jun–29 Jun",45,1000,1.1,NA,NA,NA,2005,"Eastern Pacific","https://www.nhc.noaa.gov/data/tcr/index.php?season=2005&basin=epac"
"544",4,"Dora","TS","04 Jul–06 Jul",40,1002,0.8,NA,NA,NA,2005,"Eastern Pacific","https://www.nhc.noaa.gov/data/tcr/index.php?season=2005&basin=epac"
"545",5,"Eugene","TS","18 Jul–20 Jul",60,989,1.6,NA,NA,NA,2005,"Eastern Pacific","https://www.nhc.noaa.gov/data/tcr/index.php?season=2005&basin=epac"
"546",6,"Fernanda","HU","09 Aug–16 Aug",75,978,9.1,NA,NA,NA,2005,"Eastern Pacific","https://www.nhc.noaa.gov/data/tcr/index.php?season=2005&basin=epac"
"547",7,"Greg","TS","11 Aug–15 Aug",45,1000,1.9,NA,NA,NA,2005,"Eastern Pacific","https://www.nhc.noaa.gov/data/tcr/index.php?season=2005&basin=epac"
"548",8,"Hilary","HU","19 Aug–25 Aug",90,970,10.1,NA,NA,NA,2005,"Eastern Pacific","https://www.nhc.noaa.gov/data/tcr/index.php?season=2005&basin=epac"
"549",9,"Irwin","TS","25 Aug–28 Aug",45,1000,1.3,NA,NA,NA,2005,"Eastern Pacific","https://www.nhc.noaa.gov/data/tcr/index.php?season=2005&basin=epac"
"550",10,"Jova","MH^","12 Sep–25 Sep",110,951,6.9,NA,NA,NA,2005,"Eastern Pacific","https://www.nhc.noaa.gov/data/tcr/index.php?season=2005&basin=epac"
"551",11,"Kenneth","MH","14 Sep–30 Sep",115,947,24.8,NA,NA,NA,2005,"Eastern Pacific","https://www.nhc.noaa.gov/data/tcr/index.php?season=2005&basin=epac"
"552",12,"Lidia","TS","17 Sep–19 Sep",35,1005,0.5,NA,NA,NA,2005,"Eastern Pacific","https://www.nhc.noaa.gov/data/tcr/index.php?season=2005&basin=epac"
"553",13,"Max","HU","18 Sep–22 Sep",70,987,4.4,NA,NA,NA,2005,"Eastern Pacific","https://www.nhc.noaa.gov/data/tcr/index.php?season=2005&basin=epac"
"554",14,"Norma","TS","23 Sep–27 Sep",50,997,2.4,NA,NA,NA,2005,"Eastern Pacific","https://www.nhc.noaa.gov/data/tcr/index.php?season=2005&basin=epac"
"555",15,"Otis","HU","28 Sep–03 Oct",90,970,6.8,NA,NA,NA,2005,"Eastern Pacific","https://www.nhc.noaa.gov/data/tcr/index.php?season=2005&basin=epac"
"556",16,"Sixteen-E","TD","15 Oct–20 Oct",30,1005,0,NA,NA,NA,2005,"Eastern Pacific","https://www.nhc.noaa.gov/data/tcr/index.php?season=2005&basin=epac"
"557",1,"One-C","TD","03 Aug–05 Aug",25,1008,0,NA,NA,NA,2005,"Central Pacific","https://www.nhc.noaa.gov/data/tcr/index.php?season=2005&basin=cpac"
"558",6,"Fernanda","HU^","09 Aug–16 Aug",75,978,0,NA,NA,NA,2005,"Central Pacific","https://www.nhc.noaa.gov/data/tcr/index.php?season=2005&basin=cpac"
"559",10,"Jova","MH","12 Sep–25 Sep",110,951,18.1,NA,NA,NA,2005,"Central Pacific","https://www.nhc.noaa.gov/data/tcr/index.php?season=2005&basin=cpac"
"560",11,"Kenneth","MH^","14 Sep–30 Sep",115,947,3.2,NA,NA,NA,2005,"Central Pacific","https://www.nhc.noaa.gov/data/tcr/index.php?season=2005&basin=cpac"
"561",1,"Alberto","TS","10 Jun–14 Jun",60,995,2.8,NA,NA,NA,2006,"Atlantic","https://www.nhc.noaa.gov/data/tcr/index.php?season=2006&basin=atl"
"562",2,"Unnamed","TS","17 Jul–18 Jul",45,998,0.6,NA,NA,NA,2006,"Atlantic","https://www.nhc.noaa.gov/data/tcr/index.php?season=2006&basin=atl"
"563",3,"Beryl","TS","18 Jul–21 Jul",50,1000,2.3,NA,NA,NA,2006,"Atlantic","https://www.nhc.noaa.gov/data/tcr/index.php?season=2006&basin=atl"
"564",4,"Chris","TS","01 Aug–04 Aug",55,1001,2.2,NA,NA,NA,2006,"Atlantic","https://www.nhc.noaa.gov/data/tcr/index.php?season=2006&basin=atl"
"565",5,"Debby","TS","21 Aug–26 Aug",45,999,2.3,NA,NA,NA,2006,"Atlantic","https://www.nhc.noaa.gov/data/tcr/index.php?season=2006&basin=atl"
"566",6,"Ernesto","HU","24 Aug–01 Sep",65,985,5.7,NA,NA,NA,2006,"Atlantic","https://www.nhc.noaa.gov/data/tcr/index.php?season=2006&basin=atl"
"567",7,"Florence","HU","03 Sep–12 Sep",80,974,9.6,NA,NA,NA,2006,"Atlantic","https://www.nhc.noaa.gov/data/tcr/index.php?season=2006&basin=atl"
"568",8,"Gordon","MH","10 Sep–20 Sep",105,955,22.2,NA,NA,NA,2006,"Atlantic","https://www.nhc.noaa.gov/data/tcr/index.php?season=2006&basin=atl"
"569",9,"Helene","MH","12 Sep–24 Sep",105,955,24.3,NA,NA,NA,2006,"Atlantic","https://www.nhc.noaa.gov/data/tcr/index.php?season=2006&basin=atl"
"570",10,"Isaac","HU","27 Sep–02 Oct",75,985,6.5,NA,NA,NA,2006,"Atlantic","https://www.nhc.noaa.gov/data/tcr/index.php?season=2006&basin=atl"
"571",1,"Aletta","TS","27 May–30 May",40,1002,1.1,NA,NA,NA,2006,"Eastern Pacific","https://www.nhc.noaa.gov/data/tcr/index.php?season=2006&basin=epac"
"572",2,"Two-E","TD","03 Jun–05 Jun",30,1005,0,NA,NA,NA,2006,"Eastern Pacific","https://www.nhc.noaa.gov/data/tcr/index.php?season=2006&basin=epac"
"573",3,"Bud","MH","11 Jul–16 Jul",110,953,9,NA,NA,NA,2006,"Eastern Pacific","https://www.nhc.noaa.gov/data/tcr/index.php?season=2006&basin=epac"
"574",4,"Carlotta","HU","12 Jul–16 Jul",75,981,6,NA,NA,NA,2006,"Eastern Pacific","https://www.nhc.noaa.gov/data/tcr/index.php?season=2006&basin=epac"
"575",5,"Daniel","MH","16 Jul–26 Jul",130,933,27.3,NA,NA,NA,2006,"Eastern Pacific","https://www.nhc.noaa.gov/data/tcr/index.php?season=2006&basin=epac"
"576",6,"Emilia","TS","21 Jul–28 Jul",55,990,4.6,NA,NA,NA,2006,"Eastern Pacific","https://www.nhc.noaa.gov/data/tcr/index.php?season=2006&basin=epac"
"577",7,"Fabio","TS","31 Jul–03 Aug",45,1000,1.3,NA,NA,NA,2006,"Eastern Pacific","https://www.nhc.noaa.gov/data/tcr/index.php?season=2006&basin=epac"
"578",8,"Gilma","TS","01 Aug–03 Aug",35,1004,0.4,NA,NA,NA,2006,"Eastern Pacific","https://www.nhc.noaa.gov/data/tcr/index.php?season=2006&basin=epac"
"579",9,"Hector","HU","15 Aug–23 Aug",95,966,12,NA,NA,NA,2006,"Eastern Pacific","https://www.nhc.noaa.gov/data/tcr/index.php?season=2006&basin=epac"
"580",10,"Ileana","MH","21 Aug–27 Aug",105,955,12.1,NA,NA,NA,2006,"Eastern Pacific","https://www.nhc.noaa.gov/data/tcr/index.php?season=2006&basin=epac"
"581",11,"John","MH","28 Aug–04 Sep",115,948,18.3,NA,NA,NA,2006,"Eastern Pacific","https://www.nhc.noaa.gov/data/tcr/index.php?season=2006&basin=epac"
"582",12,"Kristy","HU","30 Aug–08 Sep",70,985,4.7,NA,NA,NA,2006,"Eastern Pacific","https://www.nhc.noaa.gov/data/tcr/index.php?season=2006&basin=epac"
"583",13,"Lane","MH","13 Sep–17 Sep",110,952,6.8,NA,NA,NA,2006,"Eastern Pacific","https://www.nhc.noaa.gov/data/tcr/index.php?season=2006&basin=epac"
"584",14,"Miriam","TS","16 Sep–18 Sep",40,999,1,NA,NA,NA,2006,"Eastern Pacific","https://www.nhc.noaa.gov/data/tcr/index.php?season=2006&basin=epac"
"585",15,"Norman","TS","09 Oct–15 Oct",45,1000,0.8,NA,NA,NA,2006,"Eastern Pacific","https://www.nhc.noaa.gov/data/tcr/index.php?season=2006&basin=epac"
"586",16,"Olivia","TS","09 Oct–12 Oct",40,1000,0.7,NA,NA,NA,2006,"Eastern Pacific","https://www.nhc.noaa.gov/data/tcr/index.php?season=2006&basin=epac"
"587",17,"Paul","HU","21 Oct–26 Oct",90,970,6.1,NA,NA,NA,2006,"Eastern Pacific","https://www.nhc.noaa.gov/data/tcr/index.php?season=2006&basin=epac"
"588",18,"Eighteen-E","TD","26 Oct–27 Oct",30,1007,0,NA,NA,NA,2006,"Eastern Pacific","https://www.nhc.noaa.gov/data/tcr/index.php?season=2006&basin=epac"
"589",19,"Rosa","TS","08 Nov–10 Nov",35,1002,0.4,NA,NA,NA,2006,"Eastern Pacific","https://www.nhc.noaa.gov/data/tcr/index.php?season=2006&basin=epac"
"590",20,"Twenty-E","TD","11 Nov–11 Nov",30,1007,0,NA,NA,NA,2006,"Eastern Pacific","https://www.nhc.noaa.gov/data/tcr/index.php?season=2006&basin=epac"
"591",21,"Sergio","HU","13 Nov–20 Nov",95,965,8,NA,NA,NA,2006,"Eastern Pacific","https://www.nhc.noaa.gov/data/tcr/index.php?season=2006&basin=epac"
"592",3,"Bud","MH^","11 Jul–16 Jul",110,953,0,NA,NA,NA,2006,"Central Pacific","https://www.nhc.noaa.gov/data/tcr/index.php?season=2006&basin=cpac"
"593",5,"Daniel","MH^","16 Jul–26 Jul",130,933,2.3,NA,NA,NA,2006,"Central Pacific","https://www.nhc.noaa.gov/data/tcr/index.php?season=2006&basin=cpac"
"594",7,"Fabio","TS^","31 Jul–03 Aug",45,1000,0,NA,NA,NA,2006,"Central Pacific","https://www.nhc.noaa.gov/data/tcr/index.php?season=2006&basin=cpac"
"595",9,"Hector","HU^","15 Aug–23 Aug",95,966,0,NA,NA,NA,2006,"Central Pacific","https://www.nhc.noaa.gov/data/tcr/index.php?season=2006&basin=cpac"
"596",1,"Ioke","MH","20 Aug–05 Sep",140,900,34.2,NA,NA,NA,2006,"Central Pacific","https://www.nhc.noaa.gov/data/tcr/index.php?season=2006&basin=cpac"
"597",2,"Two-C","TD","19 Sep–20 Sep",30,1007,0,NA,NA,NA,2006,"Central Pacific","https://www.nhc.noaa.gov/data/tcr/index.php?season=2006&basin=cpac"
"598",3,"Three-C","TD","26 Sep–27 Sep",30,1008,0,NA,NA,NA,2006,"Central Pacific","https://www.nhc.noaa.gov/data/tcr/index.php?season=2006&basin=cpac"
"599",4,"Four-C","TD","13 Oct–14 Oct",30,1007,0,NA,NA,NA,2006,"Central Pacific","https://www.nhc.noaa.gov/data/tcr/index.php?season=2006&basin=cpac"
"600",1,"Andrea","SS","09 May–11 May",50,1001,0.9,NA,NA,NA,2007,"Atlantic","https://www.nhc.noaa.gov/data/tcr/index.php?season=2007&basin=atl"
"601",2,"Barry","TS","01 Jun–02 Jun",50,997,0.8,NA,NA,NA,2007,"Atlantic","https://www.nhc.noaa.gov/data/tcr/index.php?season=2007&basin=atl"
"602",3,"Chantal","TS","31 Jul–01 Aug",45,994,0.7,NA,NA,NA,2007,"Atlantic","https://www.nhc.noaa.gov/data/tcr/index.php?season=2007&basin=atl"
"603",4,"Dean","MH","13 Aug–23 Aug",150,905,35.2,NA,NA,NA,2007,"Atlantic","https://www.nhc.noaa.gov/data/tcr/index.php?season=2007&basin=atl"
"604",5,"Erin","TS","15 Aug–17 Aug",35,1003,0.4,NA,NA,NA,2007,"Atlantic","https://www.nhc.noaa.gov/data/tcr/index.php?season=2007&basin=atl"
"605",6,"Felix","MH","31 Aug–05 Sep",150,929,18,NA,NA,NA,2007,"Atlantic","https://www.nhc.noaa.gov/data/tcr/index.php?season=2007&basin=atl"
"606",7,"Gabrielle","TS","08 Sep–11 Sep",50,1004,1.5,NA,NA,NA,2007,"Atlantic","https://www.nhc.noaa.gov/data/tcr/index.php?season=2007&basin=atl"
"607",8,"Ingrid","TS","12 Sep–17 Sep",40,1002,1.3,NA,NA,NA,2007,"Atlantic","https://www.nhc.noaa.gov/data/tcr/index.php?season=2007&basin=atl"
"608",9,"Humberto","HU","12 Sep–14 Sep",80,985,1.8,NA,NA,NA,2007,"Atlantic","https://www.nhc.noaa.gov/data/tcr/index.php?season=2007&basin=atl"
"609",10,"Ten","TD","21 Sep–22 Sep",30,1005,0,NA,NA,NA,2007,"Atlantic","https://www.nhc.noaa.gov/data/tcr/index.php?season=2007&basin=atl"
"610",11,"Jerry","TS","23 Sep–24 Sep",35,1003,0.7,NA,NA,NA,2007,"Atlantic","https://www.nhc.noaa.gov/data/tcr/index.php?season=2007&basin=atl"
"611",12,"Karen","HU","25 Sep–29 Sep",65,988,3.6,NA,NA,NA,2007,"Atlantic","https://www.nhc.noaa.gov/data/tcr/index.php?season=2007&basin=atl"
"612",13,"Lorenzo","HU","25 Sep–28 Sep",70,990,1.5,NA,NA,NA,2007,"Atlantic","https://www.nhc.noaa.gov/data/tcr/index.php?season=2007&basin=atl"
"613",14,"Melissa","TS","28 Sep–30 Sep",35,1005,0.5,NA,NA,NA,2007,"Atlantic","https://www.nhc.noaa.gov/data/tcr/index.php?season=2007&basin=atl"
"614",15,"Fifteen","TD","11 Oct–12 Oct",30,1011,0,NA,NA,NA,2007,"Atlantic","https://www.nhc.noaa.gov/data/tcr/index.php?season=2007&basin=atl"
"615",16,"Noel","HU","28 Oct–02 Nov",70,980,5.6,NA,NA,NA,2007,"Atlantic","https://www.nhc.noaa.gov/data/tcr/index.php?season=2007&basin=atl"
"616",17,"Olga","TS","11 Dec–12 Dec",50,1003,1.3,NA,NA,NA,2007,"Atlantic","https://www.nhc.noaa.gov/data/tcr/index.php?season=2007&basin=atl"
"617",1,"Alvin","TS","27 May–31 May",35,1003,0.6,NA,NA,NA,2007,"Eastern Pacific","https://www.nhc.noaa.gov/data/tcr/index.php?season=2007&basin=epac"
"618",2,"Barbara","TS","29 May–02 Jun",45,1000,2,NA,NA,NA,2007,"Eastern Pacific","https://www.nhc.noaa.gov/data/tcr/index.php?season=2007&basin=epac"
"619",3,"Three-E","TD","11 Jun–12 Jun",30,1004,0,NA,NA,NA,2007,"Eastern Pacific","https://www.nhc.noaa.gov/data/tcr/index.php?season=2007&basin=epac"
"620",4,"Four-E","TD","09 Jul–11 Jul",30,1006,0,NA,NA,NA,2007,"Eastern Pacific","https://www.nhc.noaa.gov/data/tcr/index.php?season=2007&basin=epac"
"621",5,"Five-E","TD","14 Jul–15 Jul",30,1006,0,NA,NA,NA,2007,"Eastern Pacific","https://www.nhc.noaa.gov/data/tcr/index.php?season=2007&basin=epac"
"622",6,"Cosme","HU","14 Jul–22 Jul",65,987,2.8,NA,NA,NA,2007,"Eastern Pacific","https://www.nhc.noaa.gov/data/tcr/index.php?season=2007&basin=epac"
"623",7,"Dalila","TS","22 Jul–27 Jul",50,995,2.4,NA,NA,NA,2007,"Eastern Pacific","https://www.nhc.noaa.gov/data/tcr/index.php?season=2007&basin=epac"
"624",8,"Erick","TS","31 Jul–02 Aug",35,1004,0.5,NA,NA,NA,2007,"Eastern Pacific","https://www.nhc.noaa.gov/data/tcr/index.php?season=2007&basin=epac"
"625",9,"Flossie","MH^","08 Aug–16 Aug",120,949,5.8,NA,NA,NA,2007,"Eastern Pacific","https://www.nhc.noaa.gov/data/tcr/index.php?season=2007&basin=epac"
"626",10,"Gil","TS","29 Aug–02 Sep",40,1001,1.3,NA,NA,NA,2007,"Eastern Pacific","https://www.nhc.noaa.gov/data/tcr/index.php?season=2007&basin=epac"
"627",11,"Henriette","HU","30 Aug–06 Sep",75,972,7.5,NA,NA,NA,2007,"Eastern Pacific","https://www.nhc.noaa.gov/data/tcr/index.php?season=2007&basin=epac"
"628",12,"Ivo","HU","18 Sep–23 Sep",70,984,5.5,NA,NA,NA,2007,"Eastern Pacific","https://www.nhc.noaa.gov/data/tcr/index.php?season=2007&basin=epac"
"629",13,"Thirteen-E","TD","19 Sep–20 Sep",30,1007,0,NA,NA,NA,2007,"Eastern Pacific","https://www.nhc.noaa.gov/data/tcr/index.php?season=2007&basin=epac"
"630",14,"Juliette","TS","29 Sep–02 Oct",50,997,1.7,NA,NA,NA,2007,"Eastern Pacific","https://www.nhc.noaa.gov/data/tcr/index.php?season=2007&basin=epac"
"631",15,"Kiko","TS","15 Oct–23 Oct",60,991,4.5,NA,NA,NA,2007,"Eastern Pacific","https://www.nhc.noaa.gov/data/tcr/index.php?season=2007&basin=epac"
"632",6,"Cosme","HU^","14 Jul–22 Jul",65,987,0,NA,NA,NA,2007,"Central Pacific","https://www.nhc.noaa.gov/data/tcr/index.php?season=2007&basin=cpac"
"633",9,"Flossie","MH","08 Aug–16 Aug",120,949,18.1,NA,NA,NA,2007,"Central Pacific","https://www.nhc.noaa.gov/data/tcr/index.php?season=2007&basin=cpac"
"634",1,"Arthur","TS","31 May–01 Jun",40,1004,0.8,NA,NA,NA,2008,"Atlantic","https://www.nhc.noaa.gov/data/tcr/index.php?season=2008&basin=atl"
"635",2,"Bertha","MH","03 Jul–20 Jul",110,952,28.4,NA,NA,NA,2008,"Atlantic","https://www.nhc.noaa.gov/data/tcr/index.php?season=2008&basin=atl"
"636",3,"Cristobal","TS","19 Jul–23 Jul",55,998,3.7,NA,NA,NA,2008,"Atlantic","https://www.nhc.noaa.gov/data/tcr/index.php?season=2008&basin=atl"
"637",4,"Dolly","HU","20 Jul–25 Jul",85,963,5.4,NA,NA,NA,2008,"Atlantic","https://www.nhc.noaa.gov/data/tcr/index.php?season=2008&basin=atl"
"638",5,"Edouard","TS","03 Aug–06 Aug",55,996,1.7,NA,NA,NA,2008,"Atlantic","https://www.nhc.noaa.gov/data/tcr/index.php?season=2008&basin=atl"
"639",6,"Fay","TS","15 Aug–27 Aug",60,986,7.3,NA,NA,NA,2008,"Atlantic","https://www.nhc.noaa.gov/data/tcr/index.php?season=2008&basin=atl"
"640",7,"Gustav","MH","25 Aug–04 Sep",135,941,18.2,NA,NA,NA,2008,"Atlantic","https://www.nhc.noaa.gov/data/tcr/index.php?season=2008&basin=atl"
"641",8,"Hanna","HU","28 Aug–07 Sep",75,977,10.4,NA,NA,NA,2008,"Atlantic","https://www.nhc.noaa.gov/data/tcr/index.php?season=2008&basin=atl"
"642",9,"Ike","MH","01 Sep–14 Sep",125,935,39.2,NA,NA,NA,2008,"Atlantic","https://www.nhc.noaa.gov/data/tcr/index.php?season=2008&basin=atl"
"643",10,"Josephine","TS","02 Sep–06 Sep",55,994,3.1,NA,NA,NA,2008,"Atlantic","https://www.nhc.noaa.gov/data/tcr/index.php?season=2008&basin=atl"
"644",11,"Kyle","HU","25 Sep–29 Sep",75,984,5.4,NA,NA,NA,2008,"Atlantic","https://www.nhc.noaa.gov/data/tcr/index.php?season=2008&basin=atl"
"645",12,"Laura","TS","29 Sep–01 Oct",50,994,2.2,NA,NA,NA,2008,"Atlantic","https://www.nhc.noaa.gov/data/tcr/index.php?season=2008&basin=atl"
"646",13,"Marco","TS","06 Oct–07 Oct",55,998,1.3,NA,NA,NA,2008,"Atlantic","https://www.nhc.noaa.gov/data/tcr/index.php?season=2008&basin=atl"
"647",14,"Nana","TS","12 Oct–14 Oct",35,1004,0.5,NA,NA,NA,2008,"Atlantic","https://www.nhc.noaa.gov/data/tcr/index.php?season=2008&basin=atl"
"648",15,"Omar","MH","13 Oct–18 Oct",115,958,9,NA,NA,NA,2008,"Atlantic","https://www.nhc.noaa.gov/data/tcr/index.php?season=2008&basin=atl"
"649",16,"Sixteen","TD","14 Oct–15 Oct",25,1004,0,NA,NA,NA,2008,"Atlantic","https://www.nhc.noaa.gov/data/tcr/index.php?season=2008&basin=atl"
"650",17,"Paloma","MH","05 Nov–09 Nov",125,944,9.2,NA,NA,NA,2008,"Atlantic","https://www.nhc.noaa.gov/data/tcr/index.php?season=2008&basin=atl"
"651",1,"Alma","TS","29 May–30 May",55,994,0.8,NA,NA,NA,2008,"Eastern Pacific","https://www.nhc.noaa.gov/data/tcr/index.php?season=2008&basin=epac"
"652",2,"Boris","HU","27 Jun–04 Jul",70,985,7.7,NA,NA,NA,2008,"Eastern Pacific","https://www.nhc.noaa.gov/data/tcr/index.php?season=2008&basin=epac"
"653",3,"Cristina","TS","27 Jun–30 Jun",45,999,1.4,NA,NA,NA,2008,"Eastern Pacific","https://www.nhc.noaa.gov/data/tcr/index.php?season=2008&basin=epac"
"654",4,"Douglas","TS","01 Jul–04 Jul",35,1003,0.6,NA,NA,NA,2008,"Eastern Pacific","https://www.nhc.noaa.gov/data/tcr/index.php?season=2008&basin=epac"
"655",5,"Five-E","TD","05 Jul–07 Jul",30,1005,0,NA,NA,NA,2008,"Eastern Pacific","https://www.nhc.noaa.gov/data/tcr/index.php?season=2008&basin=epac"
"656",6,"Elida","HU","11 Jul–19 Jul",90,970,11.5,NA,NA,NA,2008,"Eastern Pacific","https://www.nhc.noaa.gov/data/tcr/index.php?season=2008&basin=epac"
"657",7,"Fausto","HU","16 Jul–22 Jul",80,977,10.1,NA,NA,NA,2008,"Eastern Pacific","https://www.nhc.noaa.gov/data/tcr/index.php?season=2008&basin=epac"
"658",8,"Genevieve","HU","21 Jul–27 Jul",65,987,5.7,NA,NA,NA,2008,"Eastern Pacific","https://www.nhc.noaa.gov/data/tcr/index.php?season=2008&basin=epac"
"659",9,"Hernan","MH","06 Aug–12 Aug",105,956,12.1,NA,NA,NA,2008,"Eastern Pacific","https://www.nhc.noaa.gov/data/tcr/index.php?season=2008&basin=epac"
"660",10,"Iselle","TS","13 Aug–16 Aug",45,999,1.4,NA,NA,NA,2008,"Eastern Pacific","https://www.nhc.noaa.gov/data/tcr/index.php?season=2008&basin=epac"
"661",11,"Julio","TS","23 Aug–26 Aug",45,998,1.4,NA,NA,NA,2008,"Eastern Pacific","https://www.nhc.noaa.gov/data/tcr/index.php?season=2008&basin=epac"
"662",12,"Karina","TS","02 Sep–03 Sep",35,1000,0.2,NA,NA,NA,2008,"Eastern Pacific","https://www.nhc.noaa.gov/data/tcr/index.php?season=2008&basin=epac"
"663",13,"Lowell","TS","06 Sep–11 Sep",45,998,2.2,NA,NA,NA,2008,"Eastern Pacific","https://www.nhc.noaa.gov/data/tcr/index.php?season=2008&basin=epac"
"664",14,"Marie","HU","01 Oct–06 Oct",70,984,5,NA,NA,NA,2008,"Eastern Pacific","https://www.nhc.noaa.gov/data/tcr/index.php?season=2008&basin=epac"
"665",15,"Norbert","MH","04 Oct–12 Oct",115,945,18.4,NA,NA,NA,2008,"Eastern Pacific","https://www.nhc.noaa.gov/data/tcr/index.php?season=2008&basin=epac"
"666",16,"Odile","TS","08 Oct–12 Oct",50,997,2.6,NA,NA,NA,2008,"Eastern Pacific","https://www.nhc.noaa.gov/data/tcr/index.php?season=2008&basin=epac"
"667",17,"Seventeen-E","TD","23 Oct–24 Oct",30,1008,0,NA,NA,NA,2008,"Eastern Pacific","https://www.nhc.noaa.gov/data/tcr/index.php?season=2008&basin=epac"
"668",18,"Polo","TS","02 Nov–05 Nov",40,1003,1.1,NA,NA,NA,2008,"Eastern Pacific","https://www.nhc.noaa.gov/data/tcr/index.php?season=2008&basin=epac"
"669",6,"Elida","HU^","11 Jul–19 Jul",90,970,0,NA,NA,NA,2008,"Central Pacific","https://www.nhc.noaa.gov/data/tcr/index.php?season=2008&basin=cpac"
"670",8,"Genevieve","HU^","21 Jul–27 Jul",65,987,0,NA,NA,NA,2008,"Central Pacific","https://www.nhc.noaa.gov/data/tcr/index.php?season=2008&basin=cpac"
"671",1,"Kika","TS","07 Aug–16 Aug",35,1007,1.6,NA,NA,NA,2008,"Central Pacific","https://www.nhc.noaa.gov/data/tcr/index.php?season=2008&basin=cpac"
"672",9,"Hernan","MH^","06 Aug–12 Aug",105,956,0,NA,NA,NA,2008,"Central Pacific","https://www.nhc.noaa.gov/data/tcr/index.php?season=2008&basin=cpac"
"673",1,"One","TD","28 May–29 May",30,1006,0,NA,NA,NA,2009,"Atlantic","https://www.nhc.noaa.gov/data/tcr/index.php?season=2009&basin=atl"
"674",2,"Ana","TS","11 Aug–16 Aug",35,1003,0.9,NA,NA,NA,2009,"Atlantic","https://www.nhc.noaa.gov/data/tcr/index.php?season=2009&basin=atl"
"675",3,"Bill","MH","15 Aug–24 Aug",115,943,26.5,NA,NA,NA,2009,"Atlantic","https://www.nhc.noaa.gov/data/tcr/index.php?season=2009&basin=atl"
"676",4,"Claudette","TS","16 Aug–17 Aug",50,1005,0.7,NA,NA,NA,2009,"Atlantic","https://www.nhc.noaa.gov/data/tcr/index.php?season=2009&basin=atl"
"677",5,"Danny","TS","26 Aug–29 Aug",50,1006,2,NA,NA,NA,2009,"Atlantic","https://www.nhc.noaa.gov/data/tcr/index.php?season=2009&basin=atl"
"678",6,"Erika","TS","01 Sep–03 Sep",45,1004,1.3,NA,NA,NA,2009,"Atlantic","https://www.nhc.noaa.gov/data/tcr/index.php?season=2009&basin=atl"
"679",7,"Fred","MH","07 Sep–12 Sep",105,958,9.9,NA,NA,NA,2009,"Atlantic","https://www.nhc.noaa.gov/data/tcr/index.php?season=2009&basin=atl"
"680",8,"Eight","TD","25 Sep–26 Sep",30,1008,0,NA,NA,NA,2009,"Atlantic","https://www.nhc.noaa.gov/data/tcr/index.php?season=2009&basin=atl"
"681",9,"Grace","TS","04 Oct–06 Oct",55,986,2,NA,NA,NA,2009,"Atlantic","https://www.nhc.noaa.gov/data/tcr/index.php?season=2009&basin=atl"
"682",10,"Henri","TS","06 Oct–08 Oct",45,1005,1.2,NA,NA,NA,2009,"Atlantic","https://www.nhc.noaa.gov/data/tcr/index.php?season=2009&basin=atl"
"683",11,"Ida","HU","04 Nov–10 Nov",90,975,8.1,NA,NA,NA,2009,"Atlantic","https://www.nhc.noaa.gov/data/tcr/index.php?season=2009&basin=atl"
"684",1,"One-E","TD","18 Jun–19 Jun",30,1003,0,NA,NA,NA,2009,"Eastern Pacific","https://www.nhc.noaa.gov/data/tcr/index.php?season=2009&basin=epac"
"685",2,"Andres","HU","21 Jun–24 Jun",70,984,3.3,NA,NA,NA,2009,"Eastern Pacific","https://www.nhc.noaa.gov/data/tcr/index.php?season=2009&basin=epac"
"686",3,"Blanca","TS","06 Jul–09 Jul",45,998,1.3,NA,NA,NA,2009,"Eastern Pacific","https://www.nhc.noaa.gov/data/tcr/index.php?season=2009&basin=epac"
"687",4,"Carlos","HU","10 Jul–16 Jul",90,971,8.9,NA,NA,NA,2009,"Eastern Pacific","https://www.nhc.noaa.gov/data/tcr/index.php?season=2009&basin=epac"
"688",5,"Dolores","TS","15 Jul–16 Jul",50,997,0.9,NA,NA,NA,2009,"Eastern Pacific","https://www.nhc.noaa.gov/data/tcr/index.php?season=2009&basin=epac"
"689",6,"Lana","TS^","30 Jul–02 Aug",55,995,0,NA,NA,NA,2009,"Eastern Pacific","https://www.nhc.noaa.gov/data/tcr/index.php?season=2009&basin=epac"
"690",7,"Enrique","TS","03 Aug–07 Aug",55,994,2.5,NA,NA,NA,2009,"Eastern Pacific","https://www.nhc.noaa.gov/data/tcr/index.php?season=2009&basin=epac"
"691",8,"Felicia","MH","03 Aug–11 Aug",125,935,16.4,NA,NA,NA,2009,"Eastern Pacific","https://www.nhc.noaa.gov/data/tcr/index.php?season=2009&basin=epac"
"692",9,"Nine-E","TD","09 Aug–11 Aug",30,1006,0,NA,NA,NA,2009,"Eastern Pacific","https://www.nhc.noaa.gov/data/tcr/index.php?season=2009&basin=epac"
"693",10,"Guillermo","MH","12 Aug–19 Aug",110,954,10.1,NA,NA,NA,2009,"Eastern Pacific","https://www.nhc.noaa.gov/data/tcr/index.php?season=2009&basin=epac"
"694",11,"Hilda","TS^","22 Aug–28 Aug",55,995,0.6,NA,NA,NA,2009,"Eastern Pacific","https://www.nhc.noaa.gov/data/tcr/index.php?season=2009&basin=epac"
"695",12,"Ignacio","TS","24 Aug–27 Aug",45,999,1.6,NA,NA,NA,2009,"Eastern Pacific","https://www.nhc.noaa.gov/data/tcr/index.php?season=2009&basin=epac"
"696",13,"Jimena","MH","28 Aug–04 Sep",135,931,23.1,NA,NA,NA,2009,"Eastern Pacific","https://www.nhc.noaa.gov/data/tcr/index.php?season=2009&basin=epac"
"697",14,"Kevin","TS","29 Aug–01 Sep",45,1000,1,NA,NA,NA,2009,"Eastern Pacific","https://www.nhc.noaa.gov/data/tcr/index.php?season=2009&basin=epac"
"698",15,"Linda","HU","07 Sep–11 Sep",70,985,5.3,NA,NA,NA,2009,"Eastern Pacific","https://www.nhc.noaa.gov/data/tcr/index.php?season=2009&basin=epac"
"699",16,"Marty","TS","16 Sep–19 Sep",40,1002,1.3,NA,NA,NA,2009,"Eastern Pacific","https://www.nhc.noaa.gov/data/tcr/index.php?season=2009&basin=epac"
"700",17,"Nora","TS","23 Sep–25 Sep",50,997,1.3,NA,NA,NA,2009,"Eastern Pacific","https://www.nhc.noaa.gov/data/tcr/index.php?season=2009&basin=epac"
"701",18,"Olaf","TS","01 Oct–03 Oct",40,996,0.8,NA,NA,NA,2009,"Eastern Pacific","https://www.nhc.noaa.gov/data/tcr/index.php?season=2009&basin=epac"
"702",19,"Patricia","TS","11 Oct–14 Oct",50,996,1.8,NA,NA,NA,2009,"Eastern Pacific","https://www.nhc.noaa.gov/data/tcr/index.php?season=2009&basin=epac"
"703",20,"Rick","MH","15 Oct–21 Oct",155,906,21.6,NA,NA,NA,2009,"Eastern Pacific","https://www.nhc.noaa.gov/data/tcr/index.php?season=2009&basin=epac"
"704",6,"Lana","TS","30 Jul–02 Aug",55,995,2.4,NA,NA,NA,2009,"Central Pacific","https://www.nhc.noaa.gov/data/tcr/index.php?season=2009&basin=cpac"
"705",8,"Felicia","MH^","03 Aug–11 Aug",125,935,3.8,NA,NA,NA,2009,"Central Pacific","https://www.nhc.noaa.gov/data/tcr/index.php?season=2009&basin=cpac"
"706",1,"Maka","TS^","11 Aug–18 Aug",45,992,0.2,NA,NA,NA,2009,"Central Pacific","https://www.nhc.noaa.gov/data/tcr/index.php?season=2009&basin=cpac"
"707",10,"Guillermo","MH^","12 Aug–19 Aug",110,954,2.4,NA,NA,NA,2009,"Central Pacific","https://www.nhc.noaa.gov/data/tcr/index.php?season=2009&basin=cpac"
"708",11,"Hilda","TS","22 Aug–28 Aug",55,995,3.1,NA,NA,NA,2009,"Central Pacific","https://www.nhc.noaa.gov/data/tcr/index.php?season=2009&basin=cpac"
"709",2,"Two-C","TD","28 Aug–30 Aug",30,1007,0,NA,NA,NA,2009,"Central Pacific","https://www.nhc.noaa.gov/data/tcr/index.php?season=2009&basin=cpac"
"710",3,"Neki","MH","18 Oct–27 Oct",110,950,12.7,NA,NA,NA,2009,"Central Pacific","https://www.nhc.noaa.gov/data/tcr/index.php?season=2009&basin=cpac"
"711",1,"Alex","HU","25 Jun–02 Jul",95,946,7.7,NA,NA,NA,2010,"Atlantic","https://www.nhc.noaa.gov/data/tcr/index.php?season=2010&basin=atl"
"712",2,"Two","TD","08 Jul–09 Jul",30,1005,0,NA,NA,NA,2010,"Atlantic","https://www.nhc.noaa.gov/data/tcr/index.php?season=2010&basin=atl"
"713",3,"Bonnie","TS","22 Jul–24 Jul",40,1005,0.4,NA,NA,NA,2010,"Atlantic","https://www.nhc.noaa.gov/data/tcr/index.php?season=2010&basin=atl"
"714",4,"Colin","TS","02 Aug–08 Aug",50,1005,1.9,NA,NA,NA,2010,"Atlantic","https://www.nhc.noaa.gov/data/tcr/index.php?season=2010&basin=atl"
"715",5,"Five","TD","10 Aug–11 Aug",30,1008,0,NA,NA,NA,2010,"Atlantic","https://www.nhc.noaa.gov/data/tcr/index.php?season=2010&basin=atl"
"716",6,"Danielle","MH","21 Aug–30 Aug",115,942,21.1,NA,NA,NA,2010,"Atlantic","https://www.nhc.noaa.gov/data/tcr/index.php?season=2010&basin=atl"
"717",7,"Earl","MH","25 Aug–04 Sep",125,927,27.7,NA,NA,NA,2010,"Atlantic","https://www.nhc.noaa.gov/data/tcr/index.php?season=2010&basin=atl"
"718",8,"Fiona","TS","30 Aug–03 Sep",55,998,3.1,NA,NA,NA,2010,"Atlantic","https://www.nhc.noaa.gov/data/tcr/index.php?season=2010&basin=atl"
"719",9,"Gaston","TS","01 Sep–02 Sep",35,1005,0.2,NA,NA,NA,2010,"Atlantic","https://www.nhc.noaa.gov/data/tcr/index.php?season=2010&basin=atl"
"720",10,"Hermine","TS","05 Sep–09 Sep",60,989,1.6,NA,NA,NA,2010,"Atlantic","https://www.nhc.noaa.gov/data/tcr/index.php?season=2010&basin=atl"
"721",11,"Igor","MH","08 Sep–21 Sep",135,924,41.9,NA,NA,NA,2010,"Atlantic","https://www.nhc.noaa.gov/data/tcr/index.php?season=2010&basin=atl"
"722",12,"Julia","MH","12 Sep–20 Sep",120,948,15.5,NA,NA,NA,2010,"Atlantic","https://www.nhc.noaa.gov/data/tcr/index.php?season=2010&basin=atl"
"723",13,"Karl","MH","14 Sep–18 Sep",110,956,6.3,NA,NA,NA,2010,"Atlantic","https://www.nhc.noaa.gov/data/tcr/index.php?season=2010&basin=atl"
"724",14,"Lisa","HU","20 Sep–26 Sep",75,982,4.1,NA,NA,NA,2010,"Atlantic","https://www.nhc.noaa.gov/data/tcr/index.php?season=2010&basin=atl"
"725",15,"Matthew","TS","23 Sep–26 Sep",50,998,1.5,NA,NA,NA,2010,"Atlantic","https://www.nhc.noaa.gov/data/tcr/index.php?season=2010&basin=atl"
"726",16,"Nicole","TS","28 Sep–29 Sep",40,995,0.7,NA,NA,NA,2010,"Atlantic","https://www.nhc.noaa.gov/data/tcr/index.php?season=2010&basin=atl"
"727",17,"Otto","HU","06 Oct–10 Oct",75,976,5.4,NA,NA,NA,2010,"Atlantic","https://www.nhc.noaa.gov/data/tcr/index.php?season=2010&basin=atl"
"728",18,"Paula","HU","11 Oct–15 Oct",90,981,7.5,NA,NA,NA,2010,"Atlantic","https://www.nhc.noaa.gov/data/tcr/index.php?season=2010&basin=atl"
"729",19,"Richard","HU","20 Oct–25 Oct",85,977,5,NA,NA,NA,2010,"Atlantic","https://www.nhc.noaa.gov/data/tcr/index.php?season=2010&basin=atl"
"730",20,"Shary","HU","28 Oct–30 Oct",65,989,2.1,NA,NA,NA,2010,"Atlantic","https://www.nhc.noaa.gov/data/tcr/index.php?season=2010&basin=atl"
"731",21,"Tomas","HU","29 Oct–07 Nov",85,982,11.9,NA,NA,NA,2010,"Atlantic","https://www.nhc.noaa.gov/data/tcr/index.php?season=2010&basin=atl"
"732",1,"Agatha","TS","29 May–30 May",40,1001,0.5,NA,NA,NA,2010,"Eastern Pacific","https://www.nhc.noaa.gov/data/tcr/index.php?season=2010&basin=epac"
"733",2,"Two-E","TD","16 Jun–17 Jun",30,1007,0,NA,NA,NA,2010,"Eastern Pacific","https://www.nhc.noaa.gov/data/tcr/index.php?season=2010&basin=epac"
"734",3,"Blas","TS","17 Jun–21 Jun",55,994,2.7,NA,NA,NA,2010,"Eastern Pacific","https://www.nhc.noaa.gov/data/tcr/index.php?season=2010&basin=epac"
"735",4,"Celia","MH","18 Jun–28 Jun",140,921,24.1,NA,NA,NA,2010,"Eastern Pacific","https://www.nhc.noaa.gov/data/tcr/index.php?season=2010&basin=epac"
"736",5,"Darby","MH","23 Jun–28 Jun",105,959,11.1,NA,NA,NA,2010,"Eastern Pacific","https://www.nhc.noaa.gov/data/tcr/index.php?season=2010&basin=epac"
"737",6,"Six-E","TD","14 Jul–16 Jul",30,1006,0,NA,NA,NA,2010,"Eastern Pacific","https://www.nhc.noaa.gov/data/tcr/index.php?season=2010&basin=epac"
"738",7,"Estelle","TS","06 Aug–10 Aug",55,994,2.7,NA,NA,NA,2010,"Eastern Pacific","https://www.nhc.noaa.gov/data/tcr/index.php?season=2010&basin=epac"
"739",8,"Eight-E","TD","20 Aug–21 Aug",30,1003,0,NA,NA,NA,2010,"Eastern Pacific","https://www.nhc.noaa.gov/data/tcr/index.php?season=2010&basin=epac"
"740",9,"Frank","HU","21 Aug–28 Aug",80,978,8.2,NA,NA,NA,2010,"Eastern Pacific","https://www.nhc.noaa.gov/data/tcr/index.php?season=2010&basin=epac"
"741",10,"Ten-E","TD","03 Sep–04 Sep",30,1003,0,NA,NA,NA,2010,"Eastern Pacific","https://www.nhc.noaa.gov/data/tcr/index.php?season=2010&basin=epac"
"742",11,"Eleven-E","TD","03 Sep–04 Sep",30,1004,0,NA,NA,NA,2010,"Eastern Pacific","https://www.nhc.noaa.gov/data/tcr/index.php?season=2010&basin=epac"
"743",12,"Georgette","TS","20 Sep–23 Sep",35,999,0.6,NA,NA,NA,2010,"Eastern Pacific","https://www.nhc.noaa.gov/data/tcr/index.php?season=2010&basin=epac"
"744",1,"Omeka","TS^","18 Dec–21 Dec",50,997,1,NA,NA,NA,2010,"Central Pacific","https://www.nhc.noaa.gov/data/tcr/index.php?season=2010&basin=cpac"
"745",1,"Arlene","TS","28 Jun–01 Jul",55,993,1.9,NA,NA,NA,2011,"Atlantic","https://www.nhc.noaa.gov/data/tcr/index.php?season=2011&basin=atl"
"746",2,"Bret","TS","17 Jul–22 Jul",60,995,3.3,NA,NA,NA,2011,"Atlantic","https://www.nhc.noaa.gov/data/tcr/index.php?season=2011&basin=atl"
"747",3,"Cindy","TS","20 Jul–22 Jul",60,994,2.3,NA,NA,NA,2011,"Atlantic","https://www.nhc.noaa.gov/data/tcr/index.php?season=2011&basin=atl"
"748",4,"Don","TS","27 Jul–30 Jul",45,997,1.6,NA,NA,NA,2011,"Atlantic","https://www.nhc.noaa.gov/data/tcr/index.php?season=2011&basin=atl"
"749",5,"Emily","TS","02 Aug–07 Aug",45,1003,2.3,NA,NA,NA,2011,"Atlantic","https://www.nhc.noaa.gov/data/tcr/index.php?season=2011&basin=atl"
"750",6,"Franklin","TS","12 Aug–13 Aug",40,1004,0.3,NA,NA,NA,2011,"Atlantic","https://www.nhc.noaa.gov/data/tcr/index.php?season=2011&basin=atl"
"751",7,"Gert","TS","13 Aug–16 Aug",55,1000,1.9,NA,NA,NA,2011,"Atlantic","https://www.nhc.noaa.gov/data/tcr/index.php?season=2011&basin=atl"
"752",8,"Harvey","TS","19 Aug–22 Aug",55,994,1.5,NA,NA,NA,2011,"Atlantic","https://www.nhc.noaa.gov/data/tcr/index.php?season=2011&basin=atl"
"753",9,"Irene","MH","21 Aug–28 Aug",105,942,18.8,NA,NA,NA,2011,"Atlantic","https://www.nhc.noaa.gov/data/tcr/index.php?season=2011&basin=atl"
"754",10,"Ten","TD","25 Aug–26 Aug",30,1006,0,NA,NA,NA,2011,"Atlantic","https://www.nhc.noaa.gov/data/tcr/index.php?season=2011&basin=atl"
"755",11,"Jose","TS","27 Aug–28 Aug",40,1006,0.8,NA,NA,NA,2011,"Atlantic","https://www.nhc.noaa.gov/data/tcr/index.php?season=2011&basin=atl"
"756",12,"Katia","MH","29 Aug–10 Sep",120,942,27,NA,NA,NA,2011,"Atlantic","https://www.nhc.noaa.gov/data/tcr/index.php?season=2011&basin=atl"
"757",13,"Lee","TS","02 Sep–05 Sep",50,986,1.8,NA,NA,NA,2011,"Atlantic","https://www.nhc.noaa.gov/data/tcr/index.php?season=2011&basin=atl"
"758",14,"Maria","HU","06 Sep–16 Sep",70,983,9.2,NA,NA,NA,2011,"Atlantic","https://www.nhc.noaa.gov/data/tcr/index.php?season=2011&basin=atl"
"759",15,"Nate","HU","07 Sep–11 Sep",65,994,4.3,NA,NA,NA,2011,"Atlantic","https://www.nhc.noaa.gov/data/tcr/index.php?season=2011&basin=atl"
"760",16,"Ophelia","MH","20 Sep–03 Oct",120,940,18.7,NA,NA,NA,2011,"Atlantic","https://www.nhc.noaa.gov/data/tcr/index.php?season=2011&basin=atl"
"761",17,"Philippe","HU","24 Sep–08 Oct",80,976,15.9,NA,NA,NA,2011,"Atlantic","https://www.nhc.noaa.gov/data/tcr/index.php?season=2011&basin=atl"
"762",18,"Rina","MH","23 Oct–28 Oct",100,966,10.1,NA,NA,NA,2011,"Atlantic","https://www.nhc.noaa.gov/data/tcr/index.php?season=2011&basin=atl"
"763",19,"Sean","TS","08 Nov–11 Nov",55,982,3.7,NA,NA,NA,2011,"Atlantic","https://www.nhc.noaa.gov/data/tcr/index.php?season=2011&basin=atl"
"764",20,"Noname","TS","01 Sep–02 Sep",40,1002,0.8,NA,NA,NA,2011,"Atlantic","https://www.nhc.noaa.gov/data/tcr/index.php?season=2011&basin=atl"
"765",1,"Adrian","MH","07 Jun–12 Jun",120,944,12.2,NA,NA,NA,2011,"Eastern Pacific","https://www.nhc.noaa.gov/data/tcr/index.php?season=2011&basin=epac"
"766",2,"Beatriz","HU","19 Jun–22 Jun",80,977,3,NA,NA,NA,2011,"Eastern Pacific","https://www.nhc.noaa.gov/data/tcr/index.php?season=2011&basin=epac"
"767",3,"Calvin","HU","07 Jul–10 Jul",70,984,2.5,NA,NA,NA,2011,"Eastern Pacific","https://www.nhc.noaa.gov/data/tcr/index.php?season=2011&basin=epac"
"768",4,"Dora","MH","18 Jul–24 Jul",135,929,15.5,NA,NA,NA,2011,"Eastern Pacific","https://www.nhc.noaa.gov/data/tcr/index.php?season=2011&basin=epac"
"769",5,"Eugene","MH","31 Jul–06 Aug",120,942,14.7,NA,NA,NA,2011,"Eastern Pacific","https://www.nhc.noaa.gov/data/tcr/index.php?season=2011&basin=epac"
"770",6,"Fernanda","TS","15 Aug–19 Aug",60,992,1.9,NA,NA,NA,2011,"Eastern Pacific","https://www.nhc.noaa.gov/data/tcr/index.php?season=2011&basin=epac"
"771",7,"Greg","HU","16 Aug–21 Aug",75,979,4.7,NA,NA,NA,2011,"Eastern Pacific","https://www.nhc.noaa.gov/data/tcr/index.php?season=2011&basin=epac"
"772",8,"Eight-E","TD","31 Aug–31 Aug",30,1002,0,NA,NA,NA,2011,"Eastern Pacific","https://www.nhc.noaa.gov/data/tcr/index.php?season=2011&basin=epac"
"773",9,"Hilary","MH","21 Sep–30 Sep",125,942,31.2,NA,NA,NA,2011,"Eastern Pacific","https://www.nhc.noaa.gov/data/tcr/index.php?season=2011&basin=epac"
"774",10,"Jova","MH","06 Oct–12 Oct",110,955,14.4,NA,NA,NA,2011,"Eastern Pacific","https://www.nhc.noaa.gov/data/tcr/index.php?season=2011&basin=epac"
"775",11,"Irwin","HU","06 Oct–16 Oct",85,976,8.4,NA,NA,NA,2011,"Eastern Pacific","https://www.nhc.noaa.gov/data/tcr/index.php?season=2011&basin=epac"
"776",12,"Twelve-E","TD","12 Oct–12 Oct",30,1004,0,NA,NA,NA,2011,"Eastern Pacific","https://www.nhc.noaa.gov/data/tcr/index.php?season=2011&basin=epac"
"777",13,"Kenneth","MH","19 Nov–25 Nov",125,940,11.1,NA,NA,NA,2011,"Eastern Pacific","https://www.nhc.noaa.gov/data/tcr/index.php?season=2011&basin=epac"
"778",5,"Eugene","MH^","31 Jul–06 Aug",120,942,0,NA,NA,NA,2011,"Central Pacific","https://www.nhc.noaa.gov/data/tcr/index.php?season=2011&basin=cpac"
"779",6,"Fernanda","TS^","15 Aug–19 Aug",60,992,1.3,NA,NA,NA,2011,"Central Pacific","https://www.nhc.noaa.gov/data/tcr/index.php?season=2011&basin=cpac"
"780",1,"Alberto","TS","19 May–22 May",50,995,1.9,NA,NA,NA,2012,"Atlantic","https://www.nhc.noaa.gov/data/tcr/index.php?season=2012&basin=atl"
"781",2,"Beryl","TS","26 May–30 May",60,992,2.5,NA,NA,NA,2012,"Atlantic","https://www.nhc.noaa.gov/data/tcr/index.php?season=2012&basin=atl"
"782",3,"Chris","HU","18 Jun–22 Jun",75,974,4.1,NA,NA,NA,2012,"Atlantic","https://www.nhc.noaa.gov/data/tcr/index.php?season=2012&basin=atl"
"783",4,"Debby","TS","23 Jun–27 Jun",55,990,2.8,NA,NA,NA,2012,"Atlantic","https://www.nhc.noaa.gov/data/tcr/index.php?season=2012&basin=atl"
"784",5,"Ernesto","HU","01 Aug–10 Aug",85,973,8.5,NA,NA,NA,2012,"Atlantic","https://www.nhc.noaa.gov/data/tcr/index.php?season=2012&basin=atl"
"785",6,"Florence","TS","03 Aug–06 Aug",50,1002,1.5,NA,NA,NA,2012,"Atlantic","https://www.nhc.noaa.gov/data/tcr/index.php?season=2012&basin=atl"
"786",7,"Helene","TS","09 Aug–18 Aug",40,1004,0.3,NA,NA,NA,2012,"Atlantic","https://www.nhc.noaa.gov/data/tcr/index.php?season=2012&basin=atl"
"787",8,"Gordon","HU","15 Aug–20 Aug",95,965,8.6,NA,NA,NA,2012,"Atlantic","https://www.nhc.noaa.gov/data/tcr/index.php?season=2012&basin=atl"
"788",9,"Isaac","HU","21 Aug–01 Sep",70,965,10.4,NA,NA,NA,2012,"Atlantic","https://www.nhc.noaa.gov/data/tcr/index.php?season=2012&basin=atl"
"789",10,"Joyce","TS","22 Aug–24 Aug",35,1006,0.2,NA,NA,NA,2012,"Atlantic","https://www.nhc.noaa.gov/data/tcr/index.php?season=2012&basin=atl"
"790",11,"Kirk","HU","28 Aug–02 Sep",90,970,7.7,NA,NA,NA,2012,"Atlantic","https://www.nhc.noaa.gov/data/tcr/index.php?season=2012&basin=atl"
"791",12,"Leslie","HU","30 Aug–11 Sep",70,968,16.3,NA,NA,NA,2012,"Atlantic","https://www.nhc.noaa.gov/data/tcr/index.php?season=2012&basin=atl"
"792",13,"Michael","MH","03 Sep–11 Sep",100,964,16.7,NA,NA,NA,2012,"Atlantic","https://www.nhc.noaa.gov/data/tcr/index.php?season=2012&basin=atl"
"793",14,"Nadine","HU","10 Sep–03 Oct",80,978,26.3,NA,NA,NA,2012,"Atlantic","https://www.nhc.noaa.gov/data/tcr/index.php?season=2012&basin=atl"
"794",15,"Oscar","TS","03 Oct–05 Oct",45,994,1.5,NA,NA,NA,2012,"Atlantic","https://www.nhc.noaa.gov/data/tcr/index.php?season=2012&basin=atl"
"795",16,"Patty","TS","11 Oct–13 Oct",40,1005,1.1,NA,NA,NA,2012,"Atlantic","https://www.nhc.noaa.gov/data/tcr/index.php?season=2012&basin=atl"
"796",17,"Rafael","HU","12 Oct–17 Oct",80,969,7.4,NA,NA,NA,2012,"Atlantic","https://www.nhc.noaa.gov/data/tcr/index.php?season=2012&basin=atl"
"797",18,"Sandy","MH","22 Oct–29 Oct",100,940,13.7,NA,NA,NA,2012,"Atlantic","https://www.nhc.noaa.gov/data/tcr/index.php?season=2012&basin=atl"
"798",19,"Tony","TS","22 Oct–25 Oct",45,1000,1.2,NA,NA,NA,2012,"Atlantic","https://www.nhc.noaa.gov/data/tcr/index.php?season=2012&basin=atl"
"799",1,"Aletta","TS","14 May–19 May",45,1000,1.5,NA,NA,NA,2012,"Eastern Pacific","https://www.nhc.noaa.gov/data/tcr/index.php?season=2012&basin=epac"
"800",2,"Bud","MH","20 May–26 May",100,961,7.9,NA,NA,NA,2012,"Eastern Pacific","https://www.nhc.noaa.gov/data/tcr/index.php?season=2012&basin=epac"
"801",3,"Carlotta","HU","14 Jun–16 Jun",95,973,3.6,NA,NA,NA,2012,"Eastern Pacific","https://www.nhc.noaa.gov/data/tcr/index.php?season=2012&basin=epac"
"802",4,"Daniel","MH","04 Jul–12 Jul",100,961,11.5,NA,NA,NA,2012,"Eastern Pacific","https://www.nhc.noaa.gov/data/tcr/index.php?season=2012&basin=epac"
"803",5,"Emilia","MH","07 Jul–15 Jul",120,945,18.6,NA,NA,NA,2012,"Eastern Pacific","https://www.nhc.noaa.gov/data/tcr/index.php?season=2012&basin=epac"
"804",6,"Fabio","HU","12 Jul–18 Jul",95,966,10.7,NA,NA,NA,2012,"Eastern Pacific","https://www.nhc.noaa.gov/data/tcr/index.php?season=2012&basin=epac"
"805",7,"Gilma","HU","07 Aug–11 Aug",70,984,4.8,NA,NA,NA,2012,"Eastern Pacific","https://www.nhc.noaa.gov/data/tcr/index.php?season=2012&basin=epac"
"806",8,"Hector","TS","11 Aug–16 Aug",45,995,2.2,NA,NA,NA,2012,"Eastern Pacific","https://www.nhc.noaa.gov/data/tcr/index.php?season=2012&basin=epac"
"807",9,"Ileana","HU","27 Aug–02 Sep",75,978,7,NA,NA,NA,2012,"Eastern Pacific","https://www.nhc.noaa.gov/data/tcr/index.php?season=2012&basin=epac"
"808",10,"John","TS","02 Sep–04 Sep",40,1000,0.8,NA,NA,NA,2012,"Eastern Pacific","https://www.nhc.noaa.gov/data/tcr/index.php?season=2012&basin=epac"
"809",11,"Kristy","TS","12 Sep–17 Sep",50,998,3.1,NA,NA,NA,2012,"Eastern Pacific","https://www.nhc.noaa.gov/data/tcr/index.php?season=2012&basin=epac"
"810",12,"Lane","HU","15 Sep–19 Sep",75,985,4.4,NA,NA,NA,2012,"Eastern Pacific","https://www.nhc.noaa.gov/data/tcr/index.php?season=2012&basin=epac"
"811",13,"Miriam","MH","22 Sep–27 Sep",105,959,9.8,NA,NA,NA,2012,"Eastern Pacific","https://www.nhc.noaa.gov/data/tcr/index.php?season=2012&basin=epac"
"812",14,"Norman","TS","28 Sep–29 Sep",45,997,0.7,NA,NA,NA,2012,"Eastern Pacific","https://www.nhc.noaa.gov/data/tcr/index.php?season=2012&basin=epac"
"813",15,"Olivia","TS","06 Oct–08 Oct",50,997,1.9,NA,NA,NA,2012,"Eastern Pacific","https://www.nhc.noaa.gov/data/tcr/index.php?season=2012&basin=epac"
"814",16,"Paul","MH","13 Oct–17 Oct",105,959,7.1,NA,NA,NA,2012,"Eastern Pacific","https://www.nhc.noaa.gov/data/tcr/index.php?season=2012&basin=epac"
"815",17,"Rosa","TS","30 Oct–03 Nov",45,1001,2.7,NA,NA,NA,2012,"Eastern Pacific","https://www.nhc.noaa.gov/data/tcr/index.php?season=2012&basin=epac"
"816",4,"Daniel","MH^","04 Jul–12 Jul",100,961,0.1,NA,NA,NA,2012,"Central Pacific","https://www.nhc.noaa.gov/data/tcr/index.php?season=2012&basin=cpac"
"817",5,"Emilia","MH^","07 Jul–15 Jul",120,945,0,NA,NA,NA,2012,"Central Pacific","https://www.nhc.noaa.gov/data/tcr/index.php?season=2012&basin=cpac"
"818",1,"Andrea","TS","05 Jun–07 Jun",55,992,1.6,NA,NA,NA,2013,"Atlantic","https://www.nhc.noaa.gov/data/tcr/index.php?season=2013&basin=atl"
"819",2,"Barry","TS","17 Jun–20 Jun",40,1003,0.8,NA,NA,NA,2013,"Atlantic","https://www.nhc.noaa.gov/data/tcr/index.php?season=2013&basin=atl"
"820",3,"Chantal","TS","07 Jul–10 Jul",55,1003,2.5,NA,NA,NA,2013,"Atlantic","https://www.nhc.noaa.gov/data/tcr/index.php?season=2013&basin=atl"
"821",4,"Dorian","TS","23 Jul–03 Aug",50,1002,2.6,NA,NA,NA,2013,"Atlantic","https://www.nhc.noaa.gov/data/tcr/index.php?season=2013&basin=atl"
"822",5,"Erin","TS","15 Aug–18 Aug",40,1006,1.5,NA,NA,NA,2013,"Atlantic","https://www.nhc.noaa.gov/data/tcr/index.php?season=2013&basin=atl"
"823",6,"Fernand","TS","25 Aug–26 Aug",50,1001,0.7,NA,NA,NA,2013,"Atlantic","https://www.nhc.noaa.gov/data/tcr/index.php?season=2013&basin=atl"
"824",7,"Gabrielle","TS","04 Sep–13 Sep",55,1003,1.8,NA,NA,NA,2013,"Atlantic","https://www.nhc.noaa.gov/data/tcr/index.php?season=2013&basin=atl"
"825",8,"Eight","TD","06 Sep–07 Sep",30,1008,0,NA,NA,NA,2013,"Atlantic","https://www.nhc.noaa.gov/data/tcr/index.php?season=2013&basin=atl"
"826",9,"Humberto","HU","08 Sep–19 Sep",80,979,8.9,NA,NA,NA,2013,"Atlantic","https://www.nhc.noaa.gov/data/tcr/index.php?season=2013&basin=atl"
"827",10,"Ingrid","HU","12 Sep–17 Sep",75,983,4.9,NA,NA,NA,2013,"Atlantic","https://www.nhc.noaa.gov/data/tcr/index.php?season=2013&basin=atl"
"828",11,"Jerry","TS","29 Sep–03 Oct",45,1005,1.9,NA,NA,NA,2013,"Atlantic","https://www.nhc.noaa.gov/data/tcr/index.php?season=2013&basin=atl"
"829",12,"Karen","TS","03 Oct–06 Oct",55,998,2.3,NA,NA,NA,2013,"Atlantic","https://www.nhc.noaa.gov/data/tcr/index.php?season=2013&basin=atl"
"830",13,"Lorenzo","TS","21 Oct–24 Oct",45,1000,1.6,NA,NA,NA,2013,"Atlantic","https://www.nhc.noaa.gov/data/tcr/index.php?season=2013&basin=atl"
"831",14,"Melissa","TS","18 Nov–21 Nov",55,980,3.5,NA,NA,NA,2013,"Atlantic","https://www.nhc.noaa.gov/data/tcr/index.php?season=2013&basin=atl"
"832",15,"Unnamed","SS","05 Dec–07 Dec",45,997,1.5,NA,NA,NA,2013,"Atlantic","https://www.nhc.noaa.gov/data/tcr/index.php?season=2013&basin=atl"
"833",1,"Alvin","TS","15 May–17 May",50,1000,1,NA,NA,NA,2013,"Eastern Pacific","https://www.nhc.noaa.gov/data/tcr/index.php?season=2013&basin=epac"
"834",2,"Barbara","HU","28 May–30 May",70,983,1.5,NA,NA,NA,2013,"Eastern Pacific","https://www.nhc.noaa.gov/data/tcr/index.php?season=2013&basin=epac"
"835",3,"Cosme","HU","23 Jun–27 Jun",75,980,4.6,NA,NA,NA,2013,"Eastern Pacific","https://www.nhc.noaa.gov/data/tcr/index.php?season=2013&basin=epac"
"836",4,"Dalila","HU","29 Jun–07 Jul",70,984,5.3,NA,NA,NA,2013,"Eastern Pacific","https://www.nhc.noaa.gov/data/tcr/index.php?season=2013&basin=epac"
"837",5,"Erick","HU","04 Jul–09 Jul",70,983,5.2,NA,NA,NA,2013,"Eastern Pacific","https://www.nhc.noaa.gov/data/tcr/index.php?season=2013&basin=epac"
"838",6,"Flossie","TS","25 Jul–30 Jul",60,994,2.1,NA,NA,NA,2013,"Eastern Pacific","https://www.nhc.noaa.gov/data/tcr/index.php?season=2013&basin=epac"
"839",7,"Gil","HU","30 Jul–06 Aug",75,985,6.4,NA,NA,NA,2013,"Eastern Pacific","https://www.nhc.noaa.gov/data/tcr/index.php?season=2013&basin=epac"
"840",8,"Henriette","HU","03 Aug–11 Aug",90,976,9.7,NA,NA,NA,2013,"Eastern Pacific","https://www.nhc.noaa.gov/data/tcr/index.php?season=2013&basin=epac"
"841",9,"Ivo","TS","22 Aug–25 Aug",40,997,1.1,NA,NA,NA,2013,"Eastern Pacific","https://www.nhc.noaa.gov/data/tcr/index.php?season=2013&basin=epac"
"842",10,"Juliette","TS","28 Aug–29 Aug",55,997,1.2,NA,NA,NA,2013,"Eastern Pacific","https://www.nhc.noaa.gov/data/tcr/index.php?season=2013&basin=epac"
"843",11,"Kiko","HU","30 Aug–02 Sep",65,989,2.1,NA,NA,NA,2013,"Eastern Pacific","https://www.nhc.noaa.gov/data/tcr/index.php?season=2013&basin=epac"
"844",12,"Lorena","TS","05 Sep–07 Sep",45,1002,1.2,NA,NA,NA,2013,"Eastern Pacific","https://www.nhc.noaa.gov/data/tcr/index.php?season=2013&basin=epac"
"845",13,"Manuel","HU","13 Sep–19 Sep",65,983,4.2,NA,NA,NA,2013,"Eastern Pacific","https://www.nhc.noaa.gov/data/tcr/index.php?season=2013&basin=epac"
"846",14,"Narda","TS","06 Oct–10 Oct",55,997,1.7,NA,NA,NA,2013,"Eastern Pacific","https://www.nhc.noaa.gov/data/tcr/index.php?season=2013&basin=epac"
"847",15,"Octave","TS","12 Oct–15 Oct",55,994,2.2,NA,NA,NA,2013,"Eastern Pacific","https://www.nhc.noaa.gov/data/tcr/index.php?season=2013&basin=epac"
"848",16,"Priscilla","TS","14 Oct–16 Oct",40,1001,0.8,NA,NA,NA,2013,"Eastern Pacific","https://www.nhc.noaa.gov/data/tcr/index.php?season=2013&basin=epac"
"849",17,"Raymond","MH","20 Oct–30 Oct",110,951,17.4,NA,NA,NA,2013,"Eastern Pacific","https://www.nhc.noaa.gov/data/tcr/index.php?season=2013&basin=epac"
"850",18,"Sonia","TS","01 Nov–04 Nov",40,1002,0.7,NA,NA,NA,2013,"Eastern Pacific","https://www.nhc.noaa.gov/data/tcr/index.php?season=2013&basin=epac"
"851",6,"Flossie","TS^","25 Jul–30 Jul",60,994,2.1,NA,NA,NA,2013,"Central Pacific","https://www.nhc.noaa.gov/data/tcr/index.php?season=2013&basin=cpac"
"852",7,"Gil","HU^","30 Jul–06 Aug",75,985,0.2,NA,NA,NA,2013,"Central Pacific","https://www.nhc.noaa.gov/data/tcr/index.php?season=2013&basin=cpac"
"853",8,"Henriette","HU^","03 Aug–11 Aug",90,976,2.2,NA,NA,NA,2013,"Central Pacific","https://www.nhc.noaa.gov/data/tcr/index.php?season=2013&basin=cpac"
"854",3,"Three-C","TD","19 Aug–20 Aug",30,1008,0,NA,NA,NA,2013,"Central Pacific","https://www.nhc.noaa.gov/data/tcr/index.php?season=2013&basin=cpac"
"855",2,"Unala","TS","19 Aug–19 Aug",35,1005,0.1,NA,NA,NA,2013,"Central Pacific","https://www.nhc.noaa.gov/data/tcr/index.php?season=2013&basin=cpac"
"856",1,"Pewa","HU^","16 Aug–24 Aug",65,987,1.8,NA,NA,NA,2013,"Central Pacific","https://www.nhc.noaa.gov/data/tcr/index.php?season=2013&basin=cpac"
"857",1,"Arthur","HU","01 Jul–05 Jul",85,973,6.9,NA,NA,NA,2014,"Atlantic","https://www.nhc.noaa.gov/data/tcr/index.php?season=2014&basin=atl"
"858",2,"Two","TD","21 Jul–23 Jul",30,1012,0,NA,NA,NA,2014,"Atlantic","https://www.nhc.noaa.gov/data/tcr/index.php?season=2014&basin=atl"
"859",3,"Bertha","HU","01 Aug–06 Aug",70,998,5.5,NA,NA,NA,2014,"Atlantic","https://www.nhc.noaa.gov/data/tcr/index.php?season=2014&basin=atl"
"860",4,"Cristobal","HU","23 Aug–29 Aug",75,965,7.9,NA,NA,NA,2014,"Atlantic","https://www.nhc.noaa.gov/data/tcr/index.php?season=2014&basin=atl"
"861",5,"Dolly","TS","01 Sep–03 Sep",45,1000,0.9,NA,NA,NA,2014,"Atlantic","https://www.nhc.noaa.gov/data/tcr/index.php?season=2014&basin=atl"
"862",6,"Edouard","MH","11 Sep–19 Sep",105,955,15.6,NA,NA,NA,2014,"Atlantic","https://www.nhc.noaa.gov/data/tcr/index.php?season=2014&basin=atl"
"863",7,"Fay","HU","10 Oct–13 Oct",70,983,3.6,NA,NA,NA,2014,"Atlantic","https://www.nhc.noaa.gov/data/tcr/index.php?season=2014&basin=atl"
"864",8,"Gonzalo","MH","12 Oct–19 Oct",125,940,26,NA,NA,NA,2014,"Atlantic","https://www.nhc.noaa.gov/data/tcr/index.php?season=2014&basin=atl"
"865",9,"Hanna","TS","22 Oct–28 Oct",35,1000,0.2,NA,NA,NA,2014,"Atlantic","https://www.nhc.noaa.gov/data/tcr/index.php?season=2014&basin=atl"
"866",1,"Amanda","MH","22 May–29 May",135,932,18.6,NA,NA,NA,2014,"Eastern Pacific","https://www.nhc.noaa.gov/data/tcr/index.php?season=2014&basin=epac"
"867",2,"Boris","TS","02 Jun–04 Jun",40,998,0.4,NA,NA,NA,2014,"Eastern Pacific","https://www.nhc.noaa.gov/data/tcr/index.php?season=2014&basin=epac"
"868",3,"Cristina","MH","09 Jun–15 Jun",130,935,12.7,NA,NA,NA,2014,"Eastern Pacific","https://www.nhc.noaa.gov/data/tcr/index.php?season=2014&basin=epac"
"869",4,"Douglas","TS","28 Jun–05 Jul",45,999,3,NA,NA,NA,2014,"Eastern Pacific","https://www.nhc.noaa.gov/data/tcr/index.php?season=2014&basin=epac"
"870",5,"Elida","TS","30 Jun–02 Jul",45,1002,1.3,NA,NA,NA,2014,"Eastern Pacific","https://www.nhc.noaa.gov/data/tcr/index.php?season=2014&basin=epac"
"871",6,"Fausto","TS","07 Jul–09 Jul",40,1004,0.7,NA,NA,NA,2014,"Eastern Pacific","https://www.nhc.noaa.gov/data/tcr/index.php?season=2014&basin=epac"
"872",7,"Genevieve","MH^","25 Jul–13 Aug",140,918,0.7,NA,NA,NA,2014,"Eastern Pacific","https://www.nhc.noaa.gov/data/tcr/index.php?season=2014&basin=epac"
"873",8,"Hernan","HU","26 Jul–29 Jul",65,992,3,NA,NA,NA,2014,"Eastern Pacific","https://www.nhc.noaa.gov/data/tcr/index.php?season=2014&basin=epac"
"874",9,"Iselle","MH","31 Jul–09 Aug",120,947,16.9,NA,NA,NA,2014,"Eastern Pacific","https://www.nhc.noaa.gov/data/tcr/index.php?season=2014&basin=epac"
"875",10,"Julio","MH","04 Aug–15 Aug",105,960,8.6,NA,NA,NA,2014,"Eastern Pacific","https://www.nhc.noaa.gov/data/tcr/index.php?season=2014&basin=epac"
"876",11,"Karina","HU","13 Aug–26 Aug",75,983,12.4,NA,NA,NA,2014,"Eastern Pacific","https://www.nhc.noaa.gov/data/tcr/index.php?season=2014&basin=epac"
"877",12,"Lowell","HU","17 Aug–24 Aug",65,980,5.2,NA,NA,NA,2014,"Eastern Pacific","https://www.nhc.noaa.gov/data/tcr/index.php?season=2014&basin=epac"
"878",13,"Marie","MH","22 Aug–28 Aug",140,918,20.5,NA,NA,NA,2014,"Eastern Pacific","https://www.nhc.noaa.gov/data/tcr/index.php?season=2014&basin=epac"
"879",14,"Norbert","MH","02 Sep–07 Sep",110,950,11.5,NA,NA,NA,2014,"Eastern Pacific","https://www.nhc.noaa.gov/data/tcr/index.php?season=2014&basin=epac"
"880",15,"Odile","MH","10 Sep–18 Sep",120,918,14.8,NA,NA,NA,2014,"Eastern Pacific","https://www.nhc.noaa.gov/data/tcr/index.php?season=2014&basin=epac"
"881",16,"Sixteen-E","TD","11 Sep–15 Sep",30,1005,0,NA,NA,NA,2014,"Eastern Pacific","https://www.nhc.noaa.gov/data/tcr/index.php?season=2014&basin=epac"
"882",17,"Polo","HU","16 Sep–22 Sep",65,979,6.3,NA,NA,NA,2014,"Eastern Pacific","https://www.nhc.noaa.gov/data/tcr/index.php?season=2014&basin=epac"
"883",18,"Rachel","HU","24 Sep–30 Sep",75,980,6.6,NA,NA,NA,2014,"Eastern Pacific","https://www.nhc.noaa.gov/data/tcr/index.php?season=2014&basin=epac"
"884",19,"Simon","MH","01 Oct–07 Oct",115,946,9.6,NA,NA,NA,2014,"Eastern Pacific","https://www.nhc.noaa.gov/data/tcr/index.php?season=2014&basin=epac"
"885",20,"Trudy","TS","17 Oct–19 Oct",55,998,0.7,NA,NA,NA,2014,"Eastern Pacific","https://www.nhc.noaa.gov/data/tcr/index.php?season=2014&basin=epac"
"886",21,"Vance","HU","30 Oct–05 Nov",95,964,9.2,NA,NA,NA,2014,"Eastern Pacific","https://www.nhc.noaa.gov/data/tcr/index.php?season=2014&basin=epac"
"887",1,"Wali","TS","17 Jul–18 Jul",40,1003,0.6,NA,NA,NA,2014,"Central Pacific","https://www.nhc.noaa.gov/data/tcr/index.php?season=2014&basin=cpac"
"888",7,"Genevieve","MH^","25 Jul–13 Aug",140,918,3.3,NA,NA,NA,2014,"Central Pacific","https://www.nhc.noaa.gov/data/tcr/index.php?season=2014&basin=cpac"
"889",9,"Iselle","MH^","31 Jul–09 Aug",120,947,6.6,NA,NA,NA,2014,"Central Pacific","https://www.nhc.noaa.gov/data/tcr/index.php?season=2014&basin=cpac"
"890",10,"Julio","MH^","04 Aug–15 Aug",105,960,14.1,NA,NA,NA,2014,"Central Pacific","https://www.nhc.noaa.gov/data/tcr/index.php?season=2014&basin=cpac"
"891",12,"Lowell","HU^","17 Aug–24 Aug",65,980,0,NA,NA,NA,2014,"Central Pacific","https://www.nhc.noaa.gov/data/tcr/index.php?season=2014&basin=cpac"
"892",13,"Marie","MH^","22 Aug–28 Aug",140,918,0,NA,NA,NA,2014,"Central Pacific","https://www.nhc.noaa.gov/data/tcr/index.php?season=2014&basin=cpac"
"893",2,"Ana","HU","13 Oct–26 Oct",75,985,15.1,NA,NA,NA,2014,"Central Pacific","https://www.nhc.noaa.gov/data/tcr/index.php?season=2014&basin=cpac"
"894",1,"Ana","TS","08 May–11 May",50,998,2.1,NA,NA,NA,2015,"Atlantic","https://www.nhc.noaa.gov/data/tcr/index.php?season=2015&basin=atl"
"895",2,"Bill","TS","16 Jun–18 Jun",50,997,1.1,NA,NA,NA,2015,"Atlantic","https://www.nhc.noaa.gov/data/tcr/index.php?season=2015&basin=atl"
"896",3,"Claudette","TS","13 Jul–14 Jul",45,1003,1.1,NA,NA,NA,2015,"Atlantic","https://www.nhc.noaa.gov/data/tcr/index.php?season=2015&basin=atl"
"897",4,"Danny","MH","18 Aug–24 Aug",110,960,10.5,NA,NA,NA,2015,"Atlantic","https://www.nhc.noaa.gov/data/tcr/index.php?season=2015&basin=atl"
"898",5,"Erika","TS","24 Aug–28 Aug",45,1001,2.7,NA,NA,NA,2015,"Atlantic","https://www.nhc.noaa.gov/data/tcr/index.php?season=2015&basin=atl"
"899",6,"Fred","HU","30 Aug–06 Sep",75,986,5.5,NA,NA,NA,2015,"Atlantic","https://www.nhc.noaa.gov/data/tcr/index.php?season=2015&basin=atl"
"900",7,"Grace","TS","05 Sep–09 Sep",50,1000,1.9,NA,NA,NA,2015,"Atlantic","https://www.nhc.noaa.gov/data/tcr/index.php?season=2015&basin=atl"
"901",8,"Henri","TS","08 Sep–11 Sep",45,1003,1.7,NA,NA,NA,2015,"Atlantic","https://www.nhc.noaa.gov/data/tcr/index.php?season=2015&basin=atl"
"902",9,"Nine","TD","16 Sep–19 Sep",30,1006,0,NA,NA,NA,2015,"Atlantic","https://www.nhc.noaa.gov/data/tcr/index.php?season=2015&basin=atl"
"903",10,"Ida","TS","18 Sep–27 Sep",45,1001,3.2,NA,NA,NA,2015,"Atlantic","https://www.nhc.noaa.gov/data/tcr/index.php?season=2015&basin=atl"
"904",11,"Joaquin","MH","28 Sep–07 Oct",135,931,29.2,NA,NA,NA,2015,"Atlantic","https://www.nhc.noaa.gov/data/tcr/index.php?season=2015&basin=atl"
"905",12,"Kate","HU","08 Nov–11 Nov",75,980,3.7,NA,NA,NA,2015,"Atlantic","https://www.nhc.noaa.gov/data/tcr/index.php?season=2015&basin=atl"
"906",1,"Andres","MH","28 May–04 Jun",125,937,19.7,NA,NA,NA,2015,"Eastern Pacific","https://www.nhc.noaa.gov/data/tcr/index.php?season=2015&basin=epac"
"907",2,"Blanca","MH","31 May–09 Jun",125,936,20.8,NA,NA,NA,2015,"Eastern Pacific","https://www.nhc.noaa.gov/data/tcr/index.php?season=2015&basin=epac"
"908",3,"Carlos","HU","10 Jun–17 Jun",80,978,9.4,NA,NA,NA,2015,"Eastern Pacific","https://www.nhc.noaa.gov/data/tcr/index.php?season=2015&basin=epac"
"909",4,"Ela","TS^","08 Jul–10 Jul",40,1002,0,NA,NA,NA,2015,"Eastern Pacific","https://www.nhc.noaa.gov/data/tcr/index.php?season=2015&basin=epac"
"910",5,"Dolores","MH","11 Jul–18 Jul",115,946,14.6,NA,NA,NA,2015,"Eastern Pacific","https://www.nhc.noaa.gov/data/tcr/index.php?season=2015&basin=epac"
"911",6,"Enrique","TS","12 Jul–18 Jul",45,1000,2.4,NA,NA,NA,2015,"Eastern Pacific","https://www.nhc.noaa.gov/data/tcr/index.php?season=2015&basin=epac"
"912",7,"Felicia","TS","23 Jul–24 Jul",35,1004,0.2,NA,NA,NA,2015,"Eastern Pacific","https://www.nhc.noaa.gov/data/tcr/index.php?season=2015&basin=epac"
"913",8,"Eight-E","TD","27 Jul–29 Jul",30,1006,0,NA,NA,NA,2015,"Eastern Pacific","https://www.nhc.noaa.gov/data/tcr/index.php?season=2015&basin=epac"
"914",9,"Guillermo","HU","29 Jul–07 Aug",95,967,6.3,NA,NA,NA,2015,"Eastern Pacific","https://www.nhc.noaa.gov/data/tcr/index.php?season=2015&basin=epac"
"915",10,"Hilda","MH^","06 Aug–13 Aug",125,937,2.8,NA,NA,NA,2015,"Eastern Pacific","https://www.nhc.noaa.gov/data/tcr/index.php?season=2015&basin=epac"
"916",11,"Eleven-E","TD","16 Aug–17 Aug",30,1003,0,NA,NA,NA,2015,"Eastern Pacific","https://www.nhc.noaa.gov/data/tcr/index.php?season=2015&basin=epac"
"917",12,"Ignacio","MH^","25 Aug–04 Sep",125,942,2.7,NA,NA,NA,2015,"Eastern Pacific","https://www.nhc.noaa.gov/data/tcr/index.php?season=2015&basin=epac"
"918",13,"Jimena","MH","26 Aug–09 Sep",135,932,25.7,NA,NA,NA,2015,"Eastern Pacific","https://www.nhc.noaa.gov/data/tcr/index.php?season=2015&basin=epac"
"919",14,"Kevin","TS","31 Aug–05 Sep",50,998,2.3,NA,NA,NA,2015,"Eastern Pacific","https://www.nhc.noaa.gov/data/tcr/index.php?season=2015&basin=epac"
"920",15,"Linda","MH","05 Sep–10 Sep",110,950,10.2,NA,NA,NA,2015,"Eastern Pacific","https://www.nhc.noaa.gov/data/tcr/index.php?season=2015&basin=epac"
"921",16,"Sixteen-E","TD","20 Sep–21 Sep",30,1001,0,NA,NA,NA,2015,"Eastern Pacific","https://www.nhc.noaa.gov/data/tcr/index.php?season=2015&basin=epac"
"922",17,"Marty","HU","26 Sep–30 Sep",70,987,3.9,NA,NA,NA,2015,"Eastern Pacific","https://www.nhc.noaa.gov/data/tcr/index.php?season=2015&basin=epac"
"923",18,"Nora","TS^","09 Oct–15 Oct",60,993,0.8,NA,NA,NA,2015,"Eastern Pacific","https://www.nhc.noaa.gov/data/tcr/index.php?season=2015&basin=epac"
"924",19,"Olaf","MH","15 Oct–27 Oct",130,938,10.3,NA,NA,NA,2015,"Eastern Pacific","https://www.nhc.noaa.gov/data/tcr/index.php?season=2015&basin=epac"
"925",20,"Patricia","MH","20 Oct–24 Oct",185,872,17.3,NA,NA,NA,2015,"Eastern Pacific","https://www.nhc.noaa.gov/data/tcr/index.php?season=2015&basin=epac"
"926",21,"Rick","TS","18 Nov–22 Nov",35,1002,1.3,NA,NA,NA,2015,"Eastern Pacific","https://www.nhc.noaa.gov/data/tcr/index.php?season=2015&basin=epac"
"927",22,"Sandra","MH","23 Nov–28 Nov",130,934,12.6,NA,NA,NA,2015,"Eastern Pacific","https://www.nhc.noaa.gov/data/tcr/index.php?season=2015&basin=epac"
"928",1,"Halola","HU^","10 Jul–26 Jul",85,959,1.6,NA,NA,NA,2015,"Central Pacific","https://www.nhc.noaa.gov/data/tcr/index.php?season=2015&basin=cpac"
"929",4,"Ela","TS","08 Jul–10 Jul",40,1002,0.8,NA,NA,NA,2015,"Central Pacific","https://www.nhc.noaa.gov/data/tcr/index.php?season=2015&basin=cpac"
"930",2,"Iune","TS","10 Jul–13 Jul",35,1004,0.5,NA,NA,NA,2015,"Central Pacific","https://www.nhc.noaa.gov/data/tcr/index.php?season=2015&basin=cpac"
"931",8,"Eight-C","TD^","27 Jul–29 Jul",30,1006,0,NA,NA,NA,2015,"Central Pacific","https://www.nhc.noaa.gov/data/tcr/index.php?season=2015&basin=cpac"
"932",9,"Guillermo","HU^","29 Jul–07 Aug",95,967,7.9,NA,NA,NA,2015,"Central Pacific","https://www.nhc.noaa.gov/data/tcr/index.php?season=2015&basin=cpac"
"933",10,"Hilda","MH","06 Aug–13 Aug",125,937,15,NA,NA,NA,2015,"Central Pacific","https://www.nhc.noaa.gov/data/tcr/index.php?season=2015&basin=cpac"
"934",4,"Loke","HU","21 Aug–26 Aug",65,985,4.9,NA,NA,NA,2015,"Central Pacific","https://www.nhc.noaa.gov/data/tcr/index.php?season=2015&basin=cpac"
"935",3,"Kilo","MH","22 Aug–11 Sep",120,940,17.7,NA,NA,NA,2015,"Central Pacific","https://www.nhc.noaa.gov/data/tcr/index.php?season=2015&basin=cpac"
"936",12,"Ignacio","MH","25 Aug–04 Sep",125,942,22.9,NA,NA,NA,2015,"Central Pacific","https://www.nhc.noaa.gov/data/tcr/index.php?season=2015&basin=cpac"
"937",13,"Jimena","MH^","26 Aug–09 Sep",135,932,15.2,NA,NA,NA,2015,"Central Pacific","https://www.nhc.noaa.gov/data/tcr/index.php?season=2015&basin=cpac"
"938",5,"Malia","TS","18 Sep–22 Sep",45,992,1.1,NA,NA,NA,2015,"Central Pacific","https://www.nhc.noaa.gov/data/tcr/index.php?season=2015&basin=cpac"
"939",6,"Niala","TS","25 Sep–28 Sep",55,992,2.5,NA,NA,NA,2015,"Central Pacific","https://www.nhc.noaa.gov/data/tcr/index.php?season=2015&basin=cpac"
"940",7,"Oho","HU","03 Oct–08 Oct",95,957,7.4,NA,NA,NA,2015,"Central Pacific","https://www.nhc.noaa.gov/data/tcr/index.php?season=2015&basin=cpac"
"941",8,"Eight-C","TD","03 Oct–04 Oct",30,1001,0,NA,NA,NA,2015,"Central Pacific","https://www.nhc.noaa.gov/data/tcr/index.php?season=2015&basin=cpac"
"942",18,"Nora","TS","09 Oct–15 Oct",60,993,3,NA,NA,NA,2015,"Central Pacific","https://www.nhc.noaa.gov/data/tcr/index.php?season=2015&basin=cpac"
"943",19,"Olaf","MH^","15 Oct–27 Oct",130,938,26.7,NA,NA,NA,2015,"Central Pacific","https://www.nhc.noaa.gov/data/tcr/index.php?season=2015&basin=cpac"
"944",9,"Nine-C","TD","31 Dec–31 Dec",30,1001,0,NA,NA,NA,2015,"Central Pacific","https://www.nhc.noaa.gov/data/tcr/index.php?season=2015&basin=cpac"
"945",1,"Alex","HU","12 Jan–15 Jan",75,981,4.2,NA,NA,NA,2016,"Atlantic","https://www.nhc.noaa.gov/data/tcr/index.php?season=2016&basin=atl"
"946",2,"Bonnie","TS","27 May–04 Jun",40,1006,1.1,NA,NA,NA,2016,"Atlantic","https://www.nhc.noaa.gov/data/tcr/index.php?season=2016&basin=atl"
"947",3,"Colin","TS","05 Jun–07 Jun",45,1001,1.2,NA,NA,NA,2016,"Atlantic","https://www.nhc.noaa.gov/data/tcr/index.php?season=2016&basin=atl"
"948",4,"Danielle","TS","19 Jun–21 Jun",40,1007,0.4,NA,NA,NA,2016,"Atlantic","https://www.nhc.noaa.gov/data/tcr/index.php?season=2016&basin=atl"
"949",5,"Earl","HU","02 Aug–06 Aug",75,979,4.6,NA,NA,NA,2016,"Atlantic","https://www.nhc.noaa.gov/data/tcr/index.php?season=2016&basin=atl"
"950",6,"Fiona","TS","16 Aug–23 Aug",45,1004,3,NA,NA,NA,2016,"Atlantic","https://www.nhc.noaa.gov/data/tcr/index.php?season=2016&basin=atl"
"951",7,"Gaston","MH","22 Aug–02 Sep",105,955,24.7,NA,NA,NA,2016,"Atlantic","https://www.nhc.noaa.gov/data/tcr/index.php?season=2016&basin=atl"
"952",8,"Eight","TD","28 Aug–01 Sep",30,1010,0,NA,NA,NA,2016,"Atlantic","https://www.nhc.noaa.gov/data/tcr/index.php?season=2016&basin=atl"
"953",9,"Hermine","HU","28 Aug–03 Sep",70,981,3.8,NA,NA,NA,2016,"Atlantic","https://www.nhc.noaa.gov/data/tcr/index.php?season=2016&basin=atl"
"954",10,"Ian","TS","12 Sep–16 Sep",50,994,3.1,NA,NA,NA,2016,"Atlantic","https://www.nhc.noaa.gov/data/tcr/index.php?season=2016&basin=atl"
"955",11,"Julia","TS","13 Sep–18 Sep",45,1007,2.3,NA,NA,NA,2016,"Atlantic","https://www.nhc.noaa.gov/data/tcr/index.php?season=2016&basin=atl"
"956",12,"Karl","TS","14 Sep–25 Sep",60,988,6.2,NA,NA,NA,2016,"Atlantic","https://www.nhc.noaa.gov/data/tcr/index.php?season=2016&basin=atl"
"957",13,"Lisa","TS","19 Sep–25 Sep",45,999,2.8,NA,NA,NA,2016,"Atlantic","https://www.nhc.noaa.gov/data/tcr/index.php?season=2016&basin=atl"
"958",14,"Matthew","MH","28 Sep–09 Oct",145,934,50.9,NA,NA,NA,2016,"Atlantic","https://www.nhc.noaa.gov/data/tcr/index.php?season=2016&basin=atl"
"959",15,"Nicole","MH","04 Oct–18 Oct",120,950,25.9,NA,NA,NA,2016,"Atlantic","https://www.nhc.noaa.gov/data/tcr/index.php?season=2016&basin=atl"
"960",16,"Otto","MH","20 Nov–26 Nov",100,975,8.3,NA,NA,NA,2016,"Atlantic","https://www.nhc.noaa.gov/data/tcr/index.php?season=2016&basin=atl"
"961",1,"One-E","TD","06 Jun–07 Jun",30,1006,0,NA,NA,NA,2016,"Eastern Pacific","https://www.nhc.noaa.gov/data/tcr/index.php?season=2016&basin=epac"
"962",2,"Agatha","TS","02 Jul–05 Jul",45,1002,1.3,NA,NA,NA,2016,"Eastern Pacific","https://www.nhc.noaa.gov/data/tcr/index.php?season=2016&basin=epac"
"963",3,"Blas","MH","02 Jul–10 Jul",120,947,19.8,NA,NA,NA,2016,"Eastern Pacific","https://www.nhc.noaa.gov/data/tcr/index.php?season=2016&basin=epac"
"964",4,"Celia","HU","06 Jul–15 Jul",85,972,9.8,NA,NA,NA,2016,"Eastern Pacific","https://www.nhc.noaa.gov/data/tcr/index.php?season=2016&basin=epac"
"965",5,"Darby","MH","11 Jul–25 Jul",105,958,18.5,NA,NA,NA,2016,"Eastern Pacific","https://www.nhc.noaa.gov/data/tcr/index.php?season=2016&basin=epac"
"966",6,"Estelle","TS","15 Jul–21 Jul",60,990,6.9,NA,NA,NA,2016,"Eastern Pacific","https://www.nhc.noaa.gov/data/tcr/index.php?season=2016&basin=epac"
"967",7,"Frank","HU","21 Jul–28 Jul",75,979,8.3,NA,NA,NA,2016,"Eastern Pacific","https://www.nhc.noaa.gov/data/tcr/index.php?season=2016&basin=epac"
"968",8,"Georgette","MH","21 Jul–27 Jul",115,952,10.8,NA,NA,NA,2016,"Eastern Pacific","https://www.nhc.noaa.gov/data/tcr/index.php?season=2016&basin=epac"
"969",9,"Howard","TS","31 Jul–03 Aug",50,998,1.8,NA,NA,NA,2016,"Eastern Pacific","https://www.nhc.noaa.gov/data/tcr/index.php?season=2016&basin=epac"
"970",10,"Ivette","TS","03 Aug–08 Aug",50,1000,3.5,NA,NA,NA,2016,"Eastern Pacific","https://www.nhc.noaa.gov/data/tcr/index.php?season=2016&basin=epac"
"971",11,"Javier","TS","07 Aug–09 Aug",55,997,1.6,NA,NA,NA,2016,"Eastern Pacific","https://www.nhc.noaa.gov/data/tcr/index.php?season=2016&basin=epac"
"972",12,"Kay","TS","18 Aug–23 Aug",45,1000,2.6,NA,NA,NA,2016,"Eastern Pacific","https://www.nhc.noaa.gov/data/tcr/index.php?season=2016&basin=epac"
"973",13,"Lester","MH","24 Aug–07 Sep",125,944,21.5,NA,NA,NA,2016,"Eastern Pacific","https://www.nhc.noaa.gov/data/tcr/index.php?season=2016&basin=epac"
"974",14,"Madeline","MH^","26 Aug–02 Sep",115,950,1,NA,NA,NA,2016,"Eastern Pacific","https://www.nhc.noaa.gov/data/tcr/index.php?season=2016&basin=epac"
"975",15,"Newton","HU","04 Sep–07 Sep",80,977,4.4,NA,NA,NA,2016,"Eastern Pacific","https://www.nhc.noaa.gov/data/tcr/index.php?season=2016&basin=epac"
"976",16,"Orlene","HU","11 Sep–16 Sep",95,967,10.2,NA,NA,NA,2016,"Eastern Pacific","https://www.nhc.noaa.gov/data/tcr/index.php?season=2016&basin=epac"
"977",17,"Paine","HU","18 Sep–20 Sep",80,979,3.6,NA,NA,NA,2016,"Eastern Pacific","https://www.nhc.noaa.gov/data/tcr/index.php?season=2016&basin=epac"
"978",18,"Roslyn","TS","25 Sep–29 Sep",45,999,1.9,NA,NA,NA,2016,"Eastern Pacific","https://www.nhc.noaa.gov/data/tcr/index.php?season=2016&basin=epac"
"979",19,"Ulika","HU","26 Sep–30 Sep",65,992,2.7,NA,NA,NA,2016,"Eastern Pacific","https://www.nhc.noaa.gov/data/tcr/index.php?season=2016&basin=epac"
"980",20,"Seymour","MH","23 Oct–28 Oct",130,940,14.7,NA,NA,NA,2016,"Eastern Pacific","https://www.nhc.noaa.gov/data/tcr/index.php?season=2016&basin=epac"
"981",21,"Tina","TS","13 Nov–14 Nov",35,1004,0.5,NA,NA,NA,2016,"Eastern Pacific","https://www.nhc.noaa.gov/data/tcr/index.php?season=2016&basin=epac"
"982",22,"Otto","MH^","20 Nov–26 Nov",100,975,1.3,NA,NA,NA,2016,"Eastern Pacific","https://www.nhc.noaa.gov/data/tcr/index.php?season=2016&basin=epac"
"983",1,"Pali","HU","07 Jan–14 Jan",85,978,9,NA,NA,NA,2016,"Central Pacific","https://www.nhc.noaa.gov/data/tcr/index.php?season=2016&basin=cpac"
"984",2,"Agatha","TS^","02 Jul–05 Jul",45,1002,0,NA,NA,NA,2016,"Central Pacific","https://www.nhc.noaa.gov/data/tcr/index.php?season=2016&basin=cpac"
"985",3,"Blas","MH^","02 Jul–10 Jul",120,947,0,NA,NA,NA,2016,"Central Pacific","https://www.nhc.noaa.gov/data/tcr/index.php?season=2016&basin=cpac"
"986",4,"Celia","HU^","06 Jul–15 Jul",85,972,0.2,NA,NA,NA,2016,"Central Pacific","https://www.nhc.noaa.gov/data/tcr/index.php?season=2016&basin=cpac"
"987",5,"Darby","MH^","11 Jul–25 Jul",105,958,3.5,NA,NA,NA,2016,"Central Pacific","https://www.nhc.noaa.gov/data/tcr/index.php?season=2016&basin=cpac"
"988",6,"Estelle","TS^","15 Jul–21 Jul",60,990,0,NA,NA,NA,2016,"Central Pacific","https://www.nhc.noaa.gov/data/tcr/index.php?season=2016&basin=cpac"
"989",9,"Howard","TS^","31 Jul–03 Aug",50,998,0,NA,NA,NA,2016,"Central Pacific","https://www.nhc.noaa.gov/data/tcr/index.php?season=2016&basin=cpac"
"990",10,"Ivette","TS^","03 Aug–08 Aug",50,1000,0,NA,NA,NA,2016,"Central Pacific","https://www.nhc.noaa.gov/data/tcr/index.php?season=2016&basin=cpac"
"991",13,"Lester","MH^","24 Aug–07 Sep",125,944,13.9,NA,NA,NA,2016,"Central Pacific","https://www.nhc.noaa.gov/data/tcr/index.php?season=2016&basin=cpac"
"992",14,"Madeline","MH","26 Aug–02 Sep",115,950,11.4,NA,NA,NA,2016,"Central Pacific","https://www.nhc.noaa.gov/data/tcr/index.php?season=2016&basin=cpac"
"993",19,"Ulika","HU^","26 Sep–30 Sep",65,992,0.4,NA,NA,NA,2016,"Central Pacific","https://www.nhc.noaa.gov/data/tcr/index.php?season=2016&basin=cpac"
"994",1,"Arlene","TS","19 Apr–21 Apr",45,990,0.8,NA,NA,NA,2017,"Atlantic","https://www.nhc.noaa.gov/data/tcr/index.php?season=2017&basin=atl"
"995",2,"Bret","TS","19 Jun–20 Jun",45,1007,0.5,NA,NA,NA,2017,"Atlantic","https://www.nhc.noaa.gov/data/tcr/index.php?season=2017&basin=atl"
"996",3,"Cindy","TS","20 Jun–23 Jun",50,991,1.8,NA,NA,NA,2017,"Atlantic","https://www.nhc.noaa.gov/data/tcr/index.php?season=2017&basin=atl"
"997",4,"Four","TD","05 Jul–07 Jul",25,1009,0,NA,NA,NA,2017,"Atlantic","https://www.nhc.noaa.gov/data/tcr/index.php?season=2017&basin=atl"
"998",5,"Don","TS","17 Jul–18 Jul",45,1005,0.8,NA,NA,NA,2017,"Atlantic","https://www.nhc.noaa.gov/data/tcr/index.php?season=2017&basin=atl"
"999",6,"Emily","TS","30 Jul–01 Aug",50,1001,0.6,NA,NA,NA,2017,"Atlantic","https://www.nhc.noaa.gov/data/tcr/index.php?season=2017&basin=atl"
"1000",7,"Franklin","HU","07 Aug–10 Aug",75,981,3.7,NA,NA,NA,2017,"Atlantic","https://www.nhc.noaa.gov/data/tcr/index.php?season=2017&basin=atl"
"1001",8,"Gert","HU","12 Aug–17 Aug",95,962,7.8,NA,NA,NA,2017,"Atlantic","https://www.nhc.noaa.gov/data/tcr/index.php?season=2017&basin=atl"
"1002",9,"Harvey","MH","17 Aug–01 Sep",115,937,11.4,NA,NA,NA,2017,"Atlantic","https://www.nhc.noaa.gov/data/tcr/index.php?season=2017&basin=atl"
"1003",10,"Ten","PTC","27 Aug–29 Aug",40,1004,0,NA,NA,NA,2017,"Atlantic","https://www.nhc.noaa.gov/data/tcr/index.php?season=2017&basin=atl"
"1004",11,"Irma","MH","30 Aug–12 Sep",155,914,64.9,NA,NA,NA,2017,"Atlantic","https://www.nhc.noaa.gov/data/tcr/index.php?season=2017&basin=atl"
"1005",12,"Jose","MH","05 Sep–22 Sep",135,938,43.3,NA,NA,NA,2017,"Atlantic","https://www.nhc.noaa.gov/data/tcr/index.php?season=2017&basin=atl"
"1006",13,"Katia","HU","05 Sep–09 Sep",90,972,6.1,NA,NA,NA,2017,"Atlantic","https://www.nhc.noaa.gov/data/tcr/index.php?season=2017&basin=atl"
"1007",14,"Lee","MH","14 Sep–30 Sep",100,962,17.9,NA,NA,NA,2017,"Atlantic","https://www.nhc.noaa.gov/data/tcr/index.php?season=2017&basin=atl"
"1008",15,"Maria","MH","16 Sep–30 Sep",150,908,44.8,NA,NA,NA,2017,"Atlantic","https://www.nhc.noaa.gov/data/tcr/index.php?season=2017&basin=atl"
"1009",16,"Nate","HU","04 Oct–08 Oct",80,981,4.1,NA,NA,NA,2017,"Atlantic","https://www.nhc.noaa.gov/data/tcr/index.php?season=2017&basin=atl"
"1010",17,"Ophelia","MH","09 Oct–15 Oct",100,959,14.5,NA,NA,NA,2017,"Atlantic","https://www.nhc.noaa.gov/data/tcr/index.php?season=2017&basin=atl"
"1011",18,"Philippe","TS","28 Oct–29 Oct",35,1000,0.1,NA,NA,NA,2017,"Atlantic","https://www.nhc.noaa.gov/data/tcr/index.php?season=2017&basin=atl"
"1012",19,"Rina","TS","05 Nov–09 Nov",50,991,1.7,NA,NA,NA,2017,"Atlantic","https://www.nhc.noaa.gov/data/tcr/index.php?season=2017&basin=atl"
"1013",1,"Adrian","TS","09 May–10 May",40,1004,0.5,NA,NA,NA,2017,"Eastern Pacific","https://www.nhc.noaa.gov/data/tcr/index.php?season=2017&basin=epac"
"1014",2,"Beatriz","TS","31 May–02 Jun",40,1001,0.6,NA,NA,NA,2017,"Eastern Pacific","https://www.nhc.noaa.gov/data/tcr/index.php?season=2017&basin=epac"
"1015",3,"Calvin","TS","11 Jun–13 Jun",40,1004,0.3,NA,NA,NA,2017,"Eastern Pacific","https://www.nhc.noaa.gov/data/tcr/index.php?season=2017&basin=epac"
"1016",4,"Dora","HU","24 Jun–28 Jun",90,974,5,NA,NA,NA,2017,"Eastern Pacific","https://www.nhc.noaa.gov/data/tcr/index.php?season=2017&basin=epac"
"1017",5,"Eugene","MH","07 Jul–12 Jul",100,966,8.1,NA,NA,NA,2017,"Eastern Pacific","https://www.nhc.noaa.gov/data/tcr/index.php?season=2017&basin=epac"
"1018",6,"Fernanda","MH","11 Jul–22 Jul",125,948,27.3,NA,NA,NA,2017,"Eastern Pacific","https://www.nhc.noaa.gov/data/tcr/index.php?season=2017&basin=epac"
"1019",7,"Greg","TS","17 Jul–26 Jul",50,1000,5.2,NA,NA,NA,2017,"Eastern Pacific","https://www.nhc.noaa.gov/data/tcr/index.php?season=2017&basin=epac"
"1020",8,"Eight-E","TD","17 Jul–20 Jul",30,1007,0,NA,NA,NA,2017,"Eastern Pacific","https://www.nhc.noaa.gov/data/tcr/index.php?season=2017&basin=epac"
"1021",9,"Hilary","HU","21 Jul–30 Jul",95,969,14.6,NA,NA,NA,2017,"Eastern Pacific","https://www.nhc.noaa.gov/data/tcr/index.php?season=2017&basin=epac"
"1022",10,"Irwin","HU","22 Jul–01 Aug",80,979,11.1,NA,NA,NA,2017,"Eastern Pacific","https://www.nhc.noaa.gov/data/tcr/index.php?season=2017&basin=epac"
"1023",11,"Eleven-E","TD","04 Aug–05 Aug",30,1006,0,NA,NA,NA,2017,"Eastern Pacific","https://www.nhc.noaa.gov/data/tcr/index.php?season=2017&basin=epac"
"1024",12,"Jova","TS","11 Aug–13 Aug",35,1003,0.5,NA,NA,NA,2017,"Eastern Pacific","https://www.nhc.noaa.gov/data/tcr/index.php?season=2017&basin=epac"
"1025",13,"Kenneth","MH","18 Aug–23 Aug",115,951,10.3,NA,NA,NA,2017,"Eastern Pacific","https://www.nhc.noaa.gov/data/tcr/index.php?season=2017&basin=epac"
"1026",14,"Lidia","TS","30 Aug–03 Sep",55,986,2.6,NA,NA,NA,2017,"Eastern Pacific","https://www.nhc.noaa.gov/data/tcr/index.php?season=2017&basin=epac"
"1027",15,"Otis","MH","11 Sep–19 Sep",100,965,4.6,NA,NA,NA,2017,"Eastern Pacific","https://www.nhc.noaa.gov/data/tcr/index.php?season=2017&basin=epac"
"1028",16,"Max","HU","13 Sep–15 Sep",80,980,2.2,NA,NA,NA,2017,"Eastern Pacific","https://www.nhc.noaa.gov/data/tcr/index.php?season=2017&basin=epac"
"1029",17,"Norma","HU","14 Sep–19 Sep",65,985,4.7,NA,NA,NA,2017,"Eastern Pacific","https://www.nhc.noaa.gov/data/tcr/index.php?season=2017&basin=epac"
"1030",18,"Pilar","TS","23 Sep–25 Sep",45,1000,1.1,NA,NA,NA,2017,"Eastern Pacific","https://www.nhc.noaa.gov/data/tcr/index.php?season=2017&basin=epac"
"1031",19,"Ramon","TS","03 Oct–04 Oct",40,1002,0.4,NA,NA,NA,2017,"Eastern Pacific","https://www.nhc.noaa.gov/data/tcr/index.php?season=2017&basin=epac"
"1032",20,"Selma","TS","27 Oct–28 Oct",35,1004,0.6,NA,NA,NA,2017,"Eastern Pacific","https://www.nhc.noaa.gov/data/tcr/index.php?season=2017&basin=epac"
"1033",6,"Fernanda","MH^","11 Jul–22 Jul",125,948,1.1,NA,NA,NA,2017,"Central Pacific","https://www.nhc.noaa.gov/data/tcr/index.php?season=2017&basin=cpac"
"1034",7,"Greg","TS^","17 Jul–26 Jul",50,1000,0,NA,NA,NA,2017,"Central Pacific","https://www.nhc.noaa.gov/data/tcr/index.php?season=2017&basin=cpac"
"1035",1,"Alberto","TS","25 May–31 May",55,990,1.8,NA,NA,NA,2018,"Atlantic","https://www.nhc.noaa.gov/data/tcr/index.php?season=2018&basin=atl"
"1036",2,"Beryl","HU","04 Jul–15 Jul",70,991,4.8,NA,NA,NA,2018,"Atlantic","https://www.nhc.noaa.gov/data/tcr/index.php?season=2018&basin=atl"
"1037",3,"Chris","HU","06 Jul–12 Jul",90,969,7.4,NA,NA,NA,2018,"Atlantic","https://www.nhc.noaa.gov/data/tcr/index.php?season=2018&basin=atl"
"1038",4,"Debby","TS","07 Aug–09 Aug",45,998,1.5,NA,NA,NA,2018,"Atlantic","https://www.nhc.noaa.gov/data/tcr/index.php?season=2018&basin=atl"
"1039",5,"Ernesto","TS","15 Aug–17 Aug",40,1003,1.5,NA,NA,NA,2018,"Atlantic","https://www.nhc.noaa.gov/data/tcr/index.php?season=2018&basin=atl"
"1040",6,"Florence","MH","31 Aug–17 Sep",130,937,39.7,NA,NA,NA,2018,"Atlantic","https://www.nhc.noaa.gov/data/tcr/index.php?season=2018&basin=atl"
"1041",7,"Gordon","TS","03 Sep–06 Sep",60,996,2.3,NA,NA,NA,2018,"Atlantic","https://www.nhc.noaa.gov/data/tcr/index.php?season=2018&basin=atl"
"1042",8,"Helene","HU","07 Sep–16 Sep",95,967,15.7,NA,NA,NA,2018,"Atlantic","https://www.nhc.noaa.gov/data/tcr/index.php?season=2018&basin=atl"
"1043",9,"Isaac","HU","07 Sep–15 Sep",65,995,6.8,NA,NA,NA,2018,"Atlantic","https://www.nhc.noaa.gov/data/tcr/index.php?season=2018&basin=atl"
"1044",10,"Joyce","TS","12 Sep–18 Sep",45,995,2.4,NA,NA,NA,2018,"Atlantic","https://www.nhc.noaa.gov/data/tcr/index.php?season=2018&basin=atl"
"1045",11,"Eleven","TD","21 Sep–22 Sep",30,1007,0,NA,NA,NA,2018,"Atlantic","https://www.nhc.noaa.gov/data/tcr/index.php?season=2018&basin=atl"
"1046",12,"Kirk","TS","22 Sep–28 Sep",55,998,3.2,NA,NA,NA,2018,"Atlantic","https://www.nhc.noaa.gov/data/tcr/index.php?season=2018&basin=atl"
"1047",13,"Leslie","HU","23 Sep–13 Oct",80,968,21.3,NA,NA,NA,2018,"Atlantic","https://www.nhc.noaa.gov/data/tcr/index.php?season=2018&basin=atl"
"1048",14,"Michael","MH","07 Oct–11 Oct",140,919,12.5,NA,NA,NA,2018,"Atlantic","https://www.nhc.noaa.gov/data/tcr/index.php?season=2018&basin=atl"
"1049",15,"Nadine","TS","09 Oct–12 Oct",55,995,2.7,NA,NA,NA,2018,"Atlantic","https://www.nhc.noaa.gov/data/tcr/index.php?season=2018&basin=atl"
"1050",16,"Oscar","HU","26 Oct–31 Oct",95,966,9,NA,NA,NA,2018,"Atlantic","https://www.nhc.noaa.gov/data/tcr/index.php?season=2018&basin=atl"
"1051",1,"One-E","TD","10 May–11 May",30,1007,0,NA,NA,NA,2018,"Eastern Pacific","https://www.nhc.noaa.gov/data/tcr/index.php?season=2018&basin=epac"
"1052",2,"Aletta","MH","06 Jun–11 Jun",120,943,11.2,NA,NA,NA,2018,"Eastern Pacific","https://www.nhc.noaa.gov/data/tcr/index.php?season=2018&basin=epac"
"1053",3,"Bud","MH","09 Jun–15 Jun",120,943,12.3,NA,NA,NA,2018,"Eastern Pacific","https://www.nhc.noaa.gov/data/tcr/index.php?season=2018&basin=epac"
"1054",4,"Carlotta","TS","14 Jun–18 Jun",55,997,1.5,NA,NA,NA,2018,"Eastern Pacific","https://www.nhc.noaa.gov/data/tcr/index.php?season=2018&basin=epac"
"1055",5,"Daniel","TS","24 Jun–26 Jun",40,1004,0.7,NA,NA,NA,2018,"Eastern Pacific","https://www.nhc.noaa.gov/data/tcr/index.php?season=2018&basin=epac"
"1056",6,"Emilia","TS","27 Jun–01 Jul",50,997,1.5,NA,NA,NA,2018,"Eastern Pacific","https://www.nhc.noaa.gov/data/tcr/index.php?season=2018&basin=epac"
"1057",7,"Fabio","HU","30 Jun–06 Jul",95,964,9.8,NA,NA,NA,2018,"Eastern Pacific","https://www.nhc.noaa.gov/data/tcr/index.php?season=2018&basin=epac"
"1058",8,"Gilma","TS","26 Jul–29 Jul",40,1005,0.5,NA,NA,NA,2018,"Eastern Pacific","https://www.nhc.noaa.gov/data/tcr/index.php?season=2018&basin=epac"
"1059",9,"Nine-E","TD","26 Jul–27 Jul",30,1007,0,NA,NA,NA,2018,"Eastern Pacific","https://www.nhc.noaa.gov/data/tcr/index.php?season=2018&basin=epac"
"1060",10,"Hector","MH^","31 Jul–16 Aug",135,936,17.9,NA,NA,NA,2018,"Eastern Pacific","https://www.nhc.noaa.gov/data/tcr/index.php?season=2018&basin=epac"
"1061",11,"Ileana","TS","04 Aug–07 Aug",55,998,1.9,NA,NA,NA,2018,"Eastern Pacific","https://www.nhc.noaa.gov/data/tcr/index.php?season=2018&basin=epac"
"1062",12,"John","HU","05 Aug–10 Aug",95,964,8.5,NA,NA,NA,2018,"Eastern Pacific","https://www.nhc.noaa.gov/data/tcr/index.php?season=2018&basin=epac"
"1063",13,"Kristy","TS","06 Aug–12 Aug",60,991,4.3,NA,NA,NA,2018,"Eastern Pacific","https://www.nhc.noaa.gov/data/tcr/index.php?season=2018&basin=epac"
"1064",14,"Lane","MH^","15 Aug–28 Aug",140,926,8.9,NA,NA,NA,2018,"Eastern Pacific","https://www.nhc.noaa.gov/data/tcr/index.php?season=2018&basin=epac"
"1065",15,"Miriam","HU^","26 Aug–02 Sep",85,974,3.8,NA,NA,NA,2018,"Eastern Pacific","https://www.nhc.noaa.gov/data/tcr/index.php?season=2018&basin=epac"
"1066",16,"Norman","MH","28 Aug–08 Sep",130,937,24.7,NA,NA,NA,2018,"Eastern Pacific","https://www.nhc.noaa.gov/data/tcr/index.php?season=2018&basin=epac"
"1067",17,"Olivia","MH","01 Sep–14 Sep",115,951,18.6,NA,NA,NA,2018,"Eastern Pacific","https://www.nhc.noaa.gov/data/tcr/index.php?season=2018&basin=epac"
"1068",18,"Paul","TS","08 Sep–11 Sep",40,1002,1.2,NA,NA,NA,2018,"Eastern Pacific","https://www.nhc.noaa.gov/data/tcr/index.php?season=2018&basin=epac"
"1069",19,"Nineteen-E","TD","19 Sep–20 Sep",30,1002,0,NA,NA,NA,2018,"Eastern Pacific","https://www.nhc.noaa.gov/data/tcr/index.php?season=2018&basin=epac"
"1070",20,"Rosa","MH","25 Sep–02 Oct",130,936,17,NA,NA,NA,2018,"Eastern Pacific","https://www.nhc.noaa.gov/data/tcr/index.php?season=2018&basin=epac"
"1071",21,"Sergio","MH","29 Sep–12 Oct",120,942,35.7,NA,NA,NA,2018,"Eastern Pacific","https://www.nhc.noaa.gov/data/tcr/index.php?season=2018&basin=epac"
"1072",22,"Tara","TS","14 Oct–16 Oct",55,995,1.3,NA,NA,NA,2018,"Eastern Pacific","https://www.nhc.noaa.gov/data/tcr/index.php?season=2018&basin=epac"
"1073",23,"Vicente","TS","19 Oct–23 Oct",45,1002,2.2,NA,NA,NA,2018,"Eastern Pacific","https://www.nhc.noaa.gov/data/tcr/index.php?season=2018&basin=epac"
"1074",24,"Willa","MH","20 Oct–24 Oct",140,925,15.7,NA,NA,NA,2018,"Eastern Pacific","https://www.nhc.noaa.gov/data/tcr/index.php?season=2018&basin=epac"
"1075",25,"Xavier","TS","02 Nov–05 Nov",55,995,2.8,NA,NA,NA,2018,"Eastern Pacific","https://www.nhc.noaa.gov/data/tcr/index.php?season=2018&basin=epac"
"1076",8,"Gilma","TS^","26 Jul–29 Jul",40,1005,0,NA,NA,NA,2018,"Central Pacific","https://www.nhc.noaa.gov/data/tcr/index.php?season=2018&basin=cpac"
"1077",10,"Hector","MH","31 Jul–16 Aug",135,936,32,NA,NA,NA,2018,"Central Pacific","https://www.nhc.noaa.gov/data/tcr/index.php?season=2018&basin=cpac"
"1078",14,"Lane","MH","15 Aug–28 Aug",140,926,33.8,NA,NA,NA,2018,"Central Pacific","https://www.nhc.noaa.gov/data/tcr/index.php?season=2018&basin=cpac"
"1079",15,"Miriam","HU","26 Aug–02 Sep",85,974,6.8,NA,NA,NA,2018,"Central Pacific","https://www.nhc.noaa.gov/data/tcr/index.php?season=2018&basin=cpac"
"1080",16,"Norman","MH^","28 Aug–08 Sep",130,937,12.1,NA,NA,NA,2018,"Central Pacific","https://www.nhc.noaa.gov/data/tcr/index.php?season=2018&basin=cpac"
"1081",17,"Olivia","MH^","01 Sep–14 Sep",115,951,6.5,NA,NA,NA,2018,"Central Pacific","https://www.nhc.noaa.gov/data/tcr/index.php?season=2018&basin=cpac"
"1082",1,"Walaka","MH","29 Sep–06 Oct",140,921,24.8,NA,NA,NA,2018,"Central Pacific","https://www.nhc.noaa.gov/data/tcr/index.php?season=2018&basin=cpac"
"1083",1,"Andrea","SS","20 May–21 May",35,1006,0.4,NA,NA,NA,2019,"Atlantic","https://www.nhc.noaa.gov/data/tcr/index.php?season=2019&basin=atl"
"1084",2,"Barry","HU","11 Jul–15 Jul",65,993,3.5,NA,NA,NA,2019,"Atlantic","https://www.nhc.noaa.gov/data/tcr/index.php?season=2019&basin=atl"
"1085",3,"Three","TD","22 Jul–23 Jul",30,1013,0,NA,NA,NA,2019,"Atlantic","https://www.nhc.noaa.gov/data/tcr/index.php?season=2019&basin=atl"
"1086",4,"Chantal","TS","20 Aug–23 Aug",35,1007,0.5,NA,NA,NA,2019,"Atlantic","https://www.nhc.noaa.gov/data/tcr/index.php?season=2019&basin=atl"
"1087",5,"Dorian","MH","24 Aug–07 Sep",160,910,48.9,NA,NA,NA,2019,"Atlantic","https://www.nhc.noaa.gov/data/tcr/index.php?season=2019&basin=atl"
"1088",6,"Erin","TS","26 Aug–29 Aug",35,1002,0.5,NA,NA,NA,2019,"Atlantic","https://www.nhc.noaa.gov/data/tcr/index.php?season=2019&basin=atl"
"1089",7,"Fernand","TS","03 Sep–05 Sep",45,1000,0.8,NA,NA,NA,2019,"Atlantic","https://www.nhc.noaa.gov/data/tcr/index.php?season=2019&basin=atl"
"1090",8,"Gabrielle","TS","03 Sep–10 Sep",55,995,5.4,NA,NA,NA,2019,"Atlantic","https://www.nhc.noaa.gov/data/tcr/index.php?season=2019&basin=atl"
"1091",9,"Humberto","MH","13 Sep–19 Sep",110,950,15.2,NA,NA,NA,2019,"Atlantic","https://www.nhc.noaa.gov/data/tcr/index.php?season=2019&basin=atl"
"1092",10,"Jerry","HU","17 Sep–24 Sep",90,976,9.3,NA,NA,NA,2019,"Atlantic","https://www.nhc.noaa.gov/data/tcr/index.php?season=2019&basin=atl"
"1093",11,"Imelda","TS","17 Sep–19 Sep",40,1003,0.2,NA,NA,NA,2019,"Atlantic","https://www.nhc.noaa.gov/data/tcr/index.php?season=2019&basin=atl"
"1094",12,"Karen","TS","22 Sep–27 Sep",40,1003,2.3,NA,NA,NA,2019,"Atlantic","https://www.nhc.noaa.gov/data/tcr/index.php?season=2019&basin=atl"
"1095",13,"Lorenzo","MH","23 Sep–02 Oct",140,925,31,NA,NA,NA,2019,"Atlantic","https://www.nhc.noaa.gov/data/tcr/index.php?season=2019&basin=atl"
"1096",14,"Melissa","TS","11 Oct–14 Oct",55,994,2.6,NA,NA,NA,2019,"Atlantic","https://www.nhc.noaa.gov/data/tcr/index.php?season=2019&basin=atl"
"1097",15,"Fifteen","TD","14 Oct–16 Oct",30,1006,0,NA,NA,NA,2019,"Atlantic","https://www.nhc.noaa.gov/data/tcr/index.php?season=2019&basin=atl"
"1098",16,"Nestor","TS","18 Oct–19 Oct",50,996,0.8,NA,NA,NA,2019,"Atlantic","https://www.nhc.noaa.gov/data/tcr/index.php?season=2019&basin=atl"
"1099",17,"Olga","TS","25 Oct–25 Oct",40,998,0.3,NA,NA,NA,2019,"Atlantic","https://www.nhc.noaa.gov/data/tcr/index.php?season=2019&basin=atl"
"1100",18,"Pablo","HU","25 Oct–28 Oct",70,977,3.6,NA,NA,NA,2019,"Atlantic","https://www.nhc.noaa.gov/data/tcr/index.php?season=2019&basin=atl"
"1101",19,"Rebekah","SS","30 Oct–01 Nov",45,982,1.2,NA,NA,NA,2019,"Atlantic","https://www.nhc.noaa.gov/data/tcr/index.php?season=2019&basin=atl"
"1102",20,"Sebastien","TS","19 Nov–24 Nov",60,991,5.8,NA,NA,NA,2019,"Atlantic","https://www.nhc.noaa.gov/data/tcr/index.php?season=2019&basin=atl"
"1103",1,"Alvin","HU","25 Jun–29 Jun",65,992,2.8,NA,NA,NA,2019,"Eastern Pacific","https://www.nhc.noaa.gov/data/tcr/index.php?season=2019&basin=epac"
"1104",2,"Barbara","MH","30 Jun–05 Jul",135,930,19.1,NA,NA,NA,2019,"Eastern Pacific","https://www.nhc.noaa.gov/data/tcr/index.php?season=2019&basin=epac"
"1105",3,"Cosme","TS","06 Jul–07 Jul",45,1001,0.9,NA,NA,NA,2019,"Eastern Pacific","https://www.nhc.noaa.gov/data/tcr/index.php?season=2019&basin=epac"
"1106",4,"Four-E","TD","12 Jul–13 Jul",30,1006,0,NA,NA,NA,2019,"Eastern Pacific","https://www.nhc.noaa.gov/data/tcr/index.php?season=2019&basin=epac"
"1107",5,"Dalila","TS","22 Jul–25 Jul",40,1004,0.6,NA,NA,NA,2019,"Eastern Pacific","https://www.nhc.noaa.gov/data/tcr/index.php?season=2019&basin=epac"
"1108",6,"Erick","MH^","27 Jul–04 Aug",115,952,2.5,NA,NA,NA,2019,"Eastern Pacific","https://www.nhc.noaa.gov/data/tcr/index.php?season=2019&basin=epac"
"1109",7,"Flossie","HU","28 Jul–05 Aug",70,987,6.3,NA,NA,NA,2019,"Eastern Pacific","https://www.nhc.noaa.gov/data/tcr/index.php?season=2019&basin=epac"
"1110",8,"Gil","TS","03 Aug–04 Aug",35,1006,0.2,NA,NA,NA,2019,"Eastern Pacific","https://www.nhc.noaa.gov/data/tcr/index.php?season=2019&basin=epac"
"1111",9,"Henriette","TS","12 Aug–13 Aug",40,1003,0.6,NA,NA,NA,2019,"Eastern Pacific","https://www.nhc.noaa.gov/data/tcr/index.php?season=2019&basin=epac"
"1112",10,"Ivo","TS","21 Aug–25 Aug",60,990,3.5,NA,NA,NA,2019,"Eastern Pacific","https://www.nhc.noaa.gov/data/tcr/index.php?season=2019&basin=epac"
"1113",11,"Juliette","MH","01 Sep–07 Sep",110,953,14.6,NA,NA,NA,2019,"Eastern Pacific","https://www.nhc.noaa.gov/data/tcr/index.php?season=2019&basin=epac"
"1114",12,"Akoni","TS^","04 Sep–06 Sep",35,1004,0,NA,NA,NA,2019,"Eastern Pacific","https://www.nhc.noaa.gov/data/tcr/index.php?season=2019&basin=epac"
"1115",13,"Kiko","MH","12 Sep–24 Sep",115,950,17.8,NA,NA,NA,2019,"Eastern Pacific","https://www.nhc.noaa.gov/data/tcr/index.php?season=2019&basin=epac"
"1116",14,"Mario","TS","17 Sep–22 Sep",60,991,4.5,NA,NA,NA,2019,"Eastern Pacific","https://www.nhc.noaa.gov/data/tcr/index.php?season=2019&basin=epac"
"1117",15,"Lorena","HU","17 Sep–22 Sep",75,985,6.3,NA,NA,NA,2019,"Eastern Pacific","https://www.nhc.noaa.gov/data/tcr/index.php?season=2019&basin=epac"
"1118",16,"Narda","TS","29 Sep–01 Oct",45,997,1.4,NA,NA,NA,2019,"Eastern Pacific","https://www.nhc.noaa.gov/data/tcr/index.php?season=2019&basin=epac"
"1119",17,"Unnamed","PTC","16 Oct–16 Oct",30,1005,0,NA,NA,NA,2019,"Eastern Pacific","https://www.nhc.noaa.gov/data/tcr/index.php?season=2019&basin=epac"
"1120",18,"Octave","TS","17 Oct–19 Oct",40,1006,0.7,NA,NA,NA,2019,"Eastern Pacific","https://www.nhc.noaa.gov/data/tcr/index.php?season=2019&basin=epac"
"1121",19,"Priscilla","TS","20 Oct–21 Oct",40,1003,0.4,NA,NA,NA,2019,"Eastern Pacific","https://www.nhc.noaa.gov/data/tcr/index.php?season=2019&basin=epac"
"1122",20,"Raymond","TS","14 Nov–17 Nov",45,1001,1.4,NA,NA,NA,2019,"Eastern Pacific","https://www.nhc.noaa.gov/data/tcr/index.php?season=2019&basin=epac"
"1123",21,"Twenty-one","TD","16 Nov–18 Nov",30,1006,0,NA,NA,NA,2019,"Eastern Pacific","https://www.nhc.noaa.gov/data/tcr/index.php?season=2019&basin=epac"
"1124",2,"Barbara","MH^","30 Jun–05 Jul",135,930,0,NA,NA,NA,2019,"Central Pacific","https://www.nhc.noaa.gov/data/tcr/index.php?season=2019&basin=cpac"
"1125",6,"Erick","MH","27 Jul–04 Aug",115,952,11.6,NA,NA,NA,2019,"Central Pacific","https://www.nhc.noaa.gov/data/tcr/index.php?season=2019&basin=cpac"
"1126",7,"Flossie","HU^","28 Jul–05 Aug",70,987,1.5,NA,NA,NA,2019,"Central Pacific","https://www.nhc.noaa.gov/data/tcr/index.php?season=2019&basin=cpac"
"1127",12,"Akoni","TS","04 Sep–06 Sep",35,1004,0.4,NA,NA,NA,2019,"Central Pacific","https://www.nhc.noaa.gov/data/tcr/index.php?season=2019&basin=cpac"
"1128",13,"Kiko","MH^","12 Sep–24 Sep",115,950,0,NA,NA,NA,2019,"Central Pacific","https://www.nhc.noaa.gov/data/tcr/index.php?season=2019&basin=cpac"
"1129",1,"Ema","TS","12 Oct–14 Oct",45,1003,0.7,NA,NA,NA,2019,"Central Pacific","https://www.nhc.noaa.gov/data/tcr/index.php?season=2019&basin=cpac"
"1130",1,"Arthur","TS","16 May–19 May",50,990,1.8,0,0,"Final",2020,"Atlantic","https://www.nhc.noaa.gov/data/tcr/index.php?season=2020&basin=atl"
"1131",2,"Bertha","TS","27 May–28 May",45,1005,0.4,0,0,"Final",2020,"Atlantic","https://www.nhc.noaa.gov/data/tcr/index.php?season=2020&basin=atl"
"1132",3,"Cristobal","TS","01 Jun–09 Jun",50,988,4,6,310,"Final",2020,"Atlantic","https://www.nhc.noaa.gov/data/tcr/index.php?season=2020&basin=atl"
"1133",4,"Dolly","TS","22 Jun–24 Jun",40,1000,0.6,0,0,"Final",2020,"Atlantic","https://www.nhc.noaa.gov/data/tcr/index.php?season=2020&basin=atl"
"1134",5,"Edouard","TS","04 Jul–06 Jul",40,1005,0.6,0,0,"Final",2020,"Atlantic","https://www.nhc.noaa.gov/data/tcr/index.php?season=2020&basin=atl"
"1135",6,"Fay","TS","09 Jul–11 Jul",50,998,1.1,2,220,"Final",2020,"Atlantic","https://www.nhc.noaa.gov/data/tcr/index.php?season=2020&basin=atl"
"1136",7,"Gonzalo","TS","21 Jul–25 Jul",55,997,2.8,0,0,"Final",2020,"Atlantic","https://www.nhc.noaa.gov/data/tcr/index.php?season=2020&basin=atl"
"1137",8,"Hanna","HU","23 Jul–26 Jul",80,973,3.6,4,1100,"Final",2020,"Atlantic","https://www.nhc.noaa.gov/data/tcr/index.php?season=2020&basin=atl"
"1138",9,"Isaias","HU","30 Jul–04 Aug",80,986,9.4,12,5000,"Final",2020,"Atlantic","https://www.nhc.noaa.gov/data/tcr/index.php?season=2020&basin=atl"
"1139",10,"Ten","TD","31 Jul–01 Aug",30,1008,0,0,0,"Final",2020,"Atlantic","https://www.nhc.noaa.gov/data/tcr/index.php?season=2020&basin=atl"
"1140",11,"Josephine","TS","11 Aug–16 Aug",40,1004,1.5,0,0,"Final",2020,"Atlantic","https://www.nhc.noaa.gov/data/tcr/index.php?season=2020&basin=atl"
"1141",12,"Kyle","TS","14 Aug–15 Aug",45,1000,1,0,0,"Final",2020,"Atlantic","https://www.nhc.noaa.gov/data/tcr/index.php?season=2020&basin=atl"
"1142",13,"Laura","MH","20 Aug–29 Aug",130,937,12.9,47,19000,"Final",2020,"Atlantic","https://www.nhc.noaa.gov/data/tcr/index.php?season=2020&basin=atl"
"1143",14,"Marco","HU","21 Aug–25 Aug",65,991,3.4,0,0,"Final",2020,"Atlantic","https://www.nhc.noaa.gov/data/tcr/index.php?season=2020&basin=atl"
"1144",15,"Omar","TS","31 Aug–05 Sep",35,1003,0.7,0,0,"Final",2020,"Atlantic","https://www.nhc.noaa.gov/data/tcr/index.php?season=2020&basin=atl"
"1145",16,"Nana","HU","01 Sep–03 Sep",65,994,2.5,0,0,"Final",2020,"Atlantic","https://www.nhc.noaa.gov/data/tcr/index.php?season=2020&basin=atl"
"1146",17,"Paulette","HU","07 Sep–22 Sep",90,965,15.9,2,0,"Final",2020,"Atlantic","https://www.nhc.noaa.gov/data/tcr/index.php?season=2020&basin=atl"
"1147",18,"Rene","TS","07 Sep–14 Sep",40,1001,2,0,0,"Final",2020,"Atlantic","https://www.nhc.noaa.gov/data/tcr/index.php?season=2020&basin=atl"
"1148",19,"Sally","HU","11 Sep–17 Sep",95,965,7.3,4,7300,"Final",2020,"Atlantic","https://www.nhc.noaa.gov/data/tcr/index.php?season=2020&basin=atl"
"1149",20,"Teddy","MH","12 Sep–23 Sep",120,945,26.2,2,20,"Final",2020,"Atlantic","https://www.nhc.noaa.gov/data/tcr/index.php?season=2020&basin=atl"
"1150",21,"Vicky","TS","14 Sep–17 Sep",45,1001,2.1,0,0,"Final",2020,"Atlantic","https://www.nhc.noaa.gov/data/tcr/index.php?season=2020&basin=atl"
"1151",22,"Beta","TS","17 Sep–22 Sep",55,993,3.5,0,225,"Final",2020,"Atlantic","https://www.nhc.noaa.gov/data/tcr/index.php?season=2020&basin=atl"
"1152",23,"Wilfred","TS","17 Sep–21 Sep",35,1006,1.3,0,0,"Final",2020,"Atlantic","https://www.nhc.noaa.gov/data/tcr/index.php?season=2020&basin=atl"
"1153",24,"Alpha","SS","17 Sep–19 Sep",45,996,1.2,0,0,"Final",2020,"Atlantic","https://www.nhc.noaa.gov/data/tcr/index.php?season=2020&basin=atl"
"1154",25,"Gamma","HU","02 Oct–06 Oct",65,978,2.8,6,0,"Final",2020,"Atlantic","https://www.nhc.noaa.gov/data/tcr/index.php?season=2020&basin=atl"
"1155",26,"Delta","MH","04 Oct–10 Oct",120,953,15.1,2,2900,"Final",2020,"Atlantic","https://www.nhc.noaa.gov/data/tcr/index.php?season=2020&basin=atl"
"1156",27,"Epsilon","MH","19 Oct–26 Oct",100,952,13.3,1,0,"Final",2020,"Atlantic","https://www.nhc.noaa.gov/data/tcr/index.php?season=2020&basin=atl"
"1157",28,"Zeta","MH","24 Oct–29 Oct",100,970,7.5,5,4400,"Final",2020,"Atlantic","https://www.nhc.noaa.gov/data/tcr/index.php?season=2020&basin=atl"
"1158",29,"Eta","MH","31 Oct–13 Nov",130,922,18.2,172,1500,"Final",2020,"Atlantic","https://www.nhc.noaa.gov/data/tcr/index.php?season=2020&basin=atl"
"1159",30,"Theta","TS","10 Nov–15 Nov",60,987,5.3,0,0,"Final",2020,"Atlantic","https://www.nhc.noaa.gov/data/tcr/index.php?season=2020&basin=atl"
"1160",31,"Iota","MH","13 Nov–18 Nov",135,917,12.3,67,0,"Final",2020,"Atlantic","https://www.nhc.noaa.gov/data/tcr/index.php?season=2020&basin=atl"
"1161",1,"One-E","TD","25 Apr–26 Apr",30,1006,0,0,0,"Final",2020,"Eastern Pacific","https://www.nhc.noaa.gov/data/tcr/index.php?season=2020&basin=epac"
"1162",2,"Amanda","TS","30 May–31 May",35,1003,0.2,40,0,"Final",2020,"Eastern Pacific","https://www.nhc.noaa.gov/data/tcr/index.php?season=2020&basin=epac"
"1163",3,"Boris","TS","24 Jun–27 Jun",35,1005,0.2,0,0,"Final",2020,"Eastern Pacific","https://www.nhc.noaa.gov/data/tcr/index.php?season=2020&basin=epac"
"1164",4,"Four-E","TD","29 Jun–30 Jun",25,1006,0,0,0,"Final",2020,"Eastern Pacific","https://www.nhc.noaa.gov/data/tcr/index.php?season=2020&basin=epac"
"1165",5,"Cristina","TS","06 Jul–12 Jul",60,993,5.1,0,0,"Final",2020,"Eastern Pacific","https://www.nhc.noaa.gov/data/tcr/index.php?season=2020&basin=epac"
"1166",6,"Six-E","TD","13 Jul–14 Jul",30,1007,0,0,0,"Final",2020,"Eastern Pacific","https://www.nhc.noaa.gov/data/tcr/index.php?season=2020&basin=epac"
"1167",7,"Unnamed","TS","20 Jul–21 Jul",35,1006,0.4,0,0,"Final",2020,"Eastern Pacific","https://www.nhc.noaa.gov/data/tcr/index.php?season=2020&basin=epac"
"1168",8,"Douglas","MH","20 Jul–29 Jul",115,954,9.2,0,0,"Final",2020,"Eastern Pacific","https://www.nhc.noaa.gov/data/tcr/index.php?season=2020&basin=epac"
"1169",9,"Elida","HU","08 Aug–12 Aug",90,971,6.2,0,0,"Final",2020,"Eastern Pacific","https://www.nhc.noaa.gov/data/tcr/index.php?season=2020&basin=epac"
"1170",10,"Ten-E","TD","13 Aug–16 Aug",30,1004,0,0,0,"Final",2020,"Eastern Pacific","https://www.nhc.noaa.gov/data/tcr/index.php?season=2020&basin=epac"
"1171",11,"Fausto","TS","16 Aug–17 Aug",35,1004,0.1,0,0,"Final",2020,"Eastern Pacific","https://www.nhc.noaa.gov/data/tcr/index.php?season=2020&basin=epac"
"1172",12,"Genevieve","MH","16 Aug–21 Aug",115,950,11.6,6,0,"Final",2020,"Eastern Pacific","https://www.nhc.noaa.gov/data/tcr/index.php?season=2020&basin=epac"
"1173",13,"Hernan","TS","26 Aug–28 Aug",40,1001,1.2,0,0,"Final",2020,"Eastern Pacific","https://www.nhc.noaa.gov/data/tcr/index.php?season=2020&basin=epac"
"1174",14,"Iselle","TS","26 Aug–30 Aug",50,997,2.5,0,0,"Final",2020,"Eastern Pacific","https://www.nhc.noaa.gov/data/tcr/index.php?season=2020&basin=epac"
"1175",15,"Julio","TS","05 Sep–07 Sep",40,1004,1.1,0,0,"Final",2020,"Eastern Pacific","https://www.nhc.noaa.gov/data/tcr/index.php?season=2020&basin=epac"
"1176",16,"Karina","TS","12 Sep–16 Sep",50,996,2.7,0,0,"Final",2020,"Eastern Pacific","https://www.nhc.noaa.gov/data/tcr/index.php?season=2020&basin=epac"
"1177",17,"Lowell","TS","20 Sep–25 Sep",45,1001,2.6,0,0,"Final",2020,"Eastern Pacific","https://www.nhc.noaa.gov/data/tcr/index.php?season=2020&basin=epac"
"1178",18,"Marie","MH","29 Sep–06 Oct",120,945,18.5,0,0,"Final",2020,"Eastern Pacific","https://www.nhc.noaa.gov/data/tcr/index.php?season=2020&basin=epac"
"1179",19,"Norbert","TS","05 Oct–14 Oct",50,1000,2,0,0,"Final",2020,"Eastern Pacific","https://www.nhc.noaa.gov/data/tcr/index.php?season=2020&basin=epac"
"1180",20,"Odalys","TS","03 Nov–05 Nov",45,1000,1.3,0,0,"Final",2020,"Eastern Pacific","https://www.nhc.noaa.gov/data/tcr/index.php?season=2020&basin=epac"
"1181",21,"Polo","TS","17 Nov–19 Nov",40,1004,0.8,0,0,"Final",2020,"Eastern Pacific","https://www.nhc.noaa.gov/data/tcr/index.php?season=2020&basin=epac"
"1182",3,"Boris","TS^","24 Jun–27 Jun",35,1005,0,NA,NA,NA,2020,"Central Pacific","https://www.nhc.noaa.gov/data/tcr/index.php?season=2020&basin=cpac"
"1183",5,"Cristina","TS^","06 Jul–12 Jul",60,993,0,NA,NA,NA,2020,"Central Pacific","https://www.nhc.noaa.gov/data/tcr/index.php?season=2020&basin=cpac"
"1184",8,"Douglas","MH^","20 Jul–29 Jul",115,954,11.6,NA,NA,NA,2020,"Central Pacific","https://www.nhc.noaa.gov/data/tcr/index.php?season=2020&basin=cpac"
"1185",17,"Lowell","TS^","20 Sep–25 Sep",45,1001,0,NA,NA,NA,2020,"Central Pacific","https://www.nhc.noaa.gov/data/tcr/index.php?season=2020&basin=cpac"
"1186",18,"Marie","MH^","29 Sep–06 Oct",120,945,0,NA,NA,NA,2020,"Central Pacific","https://www.nhc.noaa.gov/data/tcr/index.php?season=2020&basin=cpac"
"1187",1,"Ana","TS","22 May–23 May",40,1004,0.8,0,0,"Final",2021,"Atlantic","https://www.nhc.noaa.gov/data/tcr/index.php?season=2021&basin=atl"
"1188",2,"Bill","TS","14 Jun–15 Jun",55,992,1,0,0,"Final",2021,"Atlantic","https://www.nhc.noaa.gov/data/tcr/index.php?season=2021&basin=atl"
"1189",3,"Claudette","TS","19 Jun–22 Jun",40,1003,1.1,4,375,"Final",2021,"Atlantic","https://www.nhc.noaa.gov/data/tcr/index.php?season=2021&basin=atl"
"1190",4,"Danny","TS","27 Jun–29 Jun",40,1009,0.4,0,0,"Final",2021,"Atlantic","https://www.nhc.noaa.gov/data/tcr/index.php?season=2021&basin=atl"
"1191",5,"Elsa","HU","30 Jun–09 Jul",75,991,9.9,13,1200,"Final",2021,"Atlantic","https://www.nhc.noaa.gov/data/tcr/index.php?season=2021&basin=atl"
"1192",6,"Fred","TS","11 Aug–17 Aug",55,991,2.4,6,1300,"Final",2021,"Atlantic","https://www.nhc.noaa.gov/data/tcr/index.php?season=2021&basin=atl"
"1193",7,"Grace","MH","13 Aug–21 Aug",105,967,8.6,16,0,"Final",2021,"Atlantic","https://www.nhc.noaa.gov/data/tcr/index.php?season=2021&basin=atl"
"1194",8,"Henri","HU","15 Aug–23 Aug",65,986,7.8,0,700,"Final",2021,"Atlantic","https://www.nhc.noaa.gov/data/tcr/index.php?season=2021&basin=atl"
"1195",9,"Ida","MH","26 Aug–01 Sep",130,929,10.6,55,75000,"Final",2021,"Atlantic","https://www.nhc.noaa.gov/data/tcr/index.php?season=2021&basin=atl"
"1196",10,"Kate","TS","28 Aug–01 Sep",40,1004,0.7,0,0,"Final",2021,"Atlantic","https://www.nhc.noaa.gov/data/tcr/index.php?season=2021&basin=atl"
"1197",11,"Julian","TS","28 Aug–30 Aug",50,993,1.1,0,0,"Final",2021,"Atlantic","https://www.nhc.noaa.gov/data/tcr/index.php?season=2021&basin=atl"
"1198",12,"Larry","MH","31 Aug–11 Sep",110,953,31.9,5,0,"Final",2021,"Atlantic","https://www.nhc.noaa.gov/data/tcr/index.php?season=2021&basin=atl"
"1199",13,"Mindy","TS","08 Sep–09 Sep",50,1000,0.4,0,0,"Final",2021,"Atlantic","https://www.nhc.noaa.gov/data/tcr/index.php?season=2021&basin=atl"
"1200",14,"Nicholas","HU","12 Sep–15 Sep",65,988,2.4,2,1000,"Final",2021,"Atlantic","https://www.nhc.noaa.gov/data/tcr/index.php?season=2021&basin=atl"
"1201",15,"Odette","TS","17 Sep–18 Sep",40,1005,0.4,0,0,"Final",2021,"Atlantic","https://www.nhc.noaa.gov/data/tcr/index.php?season=2021&basin=atl"
"1202",16,"Peter","TS","19 Sep–22 Sep",45,1005,1.8,0,0,"Final",2021,"Atlantic","https://www.nhc.noaa.gov/data/tcr/index.php?season=2021&basin=atl"
"1203",17,"Rose","TS","19 Sep–22 Sep",50,1004,1.4,0,0,"Final",2021,"Atlantic","https://www.nhc.noaa.gov/data/tcr/index.php?season=2021&basin=atl"
"1204",18,"Sam","MH","22 Sep–05 Oct",135,927,54,0,0,"Final",2021,"Atlantic","https://www.nhc.noaa.gov/data/tcr/index.php?season=2021&basin=atl"
"1205",19,"Teresa","SS","24 Sep–25 Sep",40,1008,0.6,0,0,"Final",2021,"Atlantic","https://www.nhc.noaa.gov/data/tcr/index.php?season=2021&basin=atl"
"1206",20,"Victor","TS","29 Sep–04 Oct",55,997,2.4,0,0,"Final",2021,"Atlantic","https://www.nhc.noaa.gov/data/tcr/index.php?season=2021&basin=atl"
"1207",21,"Wanda","TS","30 Oct–07 Nov",50,983,5.7,0,0,"Final",2021,"Atlantic","https://www.nhc.noaa.gov/data/tcr/index.php?season=2021&basin=atl"
"1208",1,"Andres","TS","09 May–11 May",35,1005,0.6,0,0,"Final",2021,"Eastern Pacific","https://www.nhc.noaa.gov/data/tcr/index.php?season=2021&basin=epac"
"1209",2,"Blanca","TS","30 May–03 Jun",50,998,1.7,0,0,"Final",2021,"Eastern Pacific","https://www.nhc.noaa.gov/data/tcr/index.php?season=2021&basin=epac"
"1210",3,"Carlos","TS","12 Jun–16 Jun",45,1003,1.3,0,0,"Final",2021,"Eastern Pacific","https://www.nhc.noaa.gov/data/tcr/index.php?season=2021&basin=epac"
"1211",4,"Dolores","TS","18 Jun–20 Jun",60,989,1.3,3,0,"Final",2021,"Eastern Pacific","https://www.nhc.noaa.gov/data/tcr/index.php?season=2021&basin=epac"
"1212",5,"Enrique","HU","25 Jun–30 Jun",80,972,7.7,2,0,"Final",2021,"Eastern Pacific","https://www.nhc.noaa.gov/data/tcr/index.php?season=2021&basin=epac"
"1213",6,"Felicia","MH","14 Jul–20 Jul",125,945,21.4,0,0,"Final",2021,"Eastern Pacific","https://www.nhc.noaa.gov/data/tcr/index.php?season=2021&basin=epac"
"1214",7,"Guillermo","TS","17 Jul–19 Jul",50,999,1.6,0,0,"Final",2021,"Eastern Pacific","https://www.nhc.noaa.gov/data/tcr/index.php?season=2021&basin=epac"
"1215",8,"Hilda","HU","30 Jul–06 Aug",75,985,8.3,0,0,"Final",2021,"Eastern Pacific","https://www.nhc.noaa.gov/data/tcr/index.php?season=2021&basin=epac"
"1216",9,"Jimena","TS","30 Jul–06 Aug",35,1004,0.6,0,0,"Final",2021,"Eastern Pacific","https://www.nhc.noaa.gov/data/tcr/index.php?season=2021&basin=epac"
"1217",10,"Ignacio","TS","01 Aug–03 Aug",35,1004,0.4,0,0,"Final",2021,"Eastern Pacific","https://www.nhc.noaa.gov/data/tcr/index.php?season=2021&basin=epac"
"1218",11,"Kevin","TS","07 Aug–12 Aug",55,994,3.2,0,0,"Final",2021,"Eastern Pacific","https://www.nhc.noaa.gov/data/tcr/index.php?season=2021&basin=epac"
"1219",12,"Linda","MH","10 Aug–19 Aug",115,953,25.4,0,0,"Final",2021,"Eastern Pacific","https://www.nhc.noaa.gov/data/tcr/index.php?season=2021&basin=epac"
"1220",13,"Marty","TS","23 Aug–24 Aug",40,1002,0.7,0,0,"Final",2021,"Eastern Pacific","https://www.nhc.noaa.gov/data/tcr/index.php?season=2021&basin=epac"
"1221",14,"Nora","HU","25 Aug–30 Aug",75,976,4.6,3,0,"Final",2021,"Eastern Pacific","https://www.nhc.noaa.gov/data/tcr/index.php?season=2021&basin=epac"
"1222",15,"Olaf","HU","07 Sep–11 Sep",90,975,3.7,1,0,"Final",2021,"Eastern Pacific","https://www.nhc.noaa.gov/data/tcr/index.php?season=2021&basin=epac"
"1223",16,"Pamela","HU","10 Oct–13 Oct",65,987,4.2,2,0,"Final",2021,"Eastern Pacific","https://www.nhc.noaa.gov/data/tcr/index.php?season=2021&basin=epac"
"1224",17,"Rick","HU","22 Oct–25 Oct",90,977,6.7,1,0,"Final",2021,"Eastern Pacific","https://www.nhc.noaa.gov/data/tcr/index.php?season=2021&basin=epac"
"1225",18,"Terry","TS","04 Nov–10 Nov",35,1006,0.5,0,0,"Final",2021,"Eastern Pacific","https://www.nhc.noaa.gov/data/tcr/index.php?season=2021&basin=epac"
"1226",19,"Sandra","TS","07 Nov–09 Nov",35,1005,0.6,0,0,"Final",2021,"Eastern Pacific","https://www.nhc.noaa.gov/data/tcr/index.php?season=2021&basin=epac"
"1227",6,"Felicia","MH^","14 Jul–20 Jul",125,945,0,NA,NA,NA,2021,"Central Pacific","https://www.nhc.noaa.gov/data/tcr/index.php?season=2021&basin=cpac"
"1228",9,"Jimena","TS^","30 Jul–06 Aug",35,1004,0,NA,NA,NA,2021,"Central Pacific","https://www.nhc.noaa.gov/data/tcr/index.php?season=2021&basin=cpac"
"1229",12,"Linda","MH^","10 Aug–19 Aug",115,953,0,NA,NA,NA,2021,"Central Pacific","https://www.nhc.noaa.gov/data/tcr/index.php?season=2021&basin=cpac"
"1230",1,"Alex","TS","05 Jun–06 Jun",60,984,1.6,4,0,"Final",2022,"Atlantic","https://www.nhc.noaa.gov/data/tcr/index.php?season=2022&basin=atl"
"1231",2,"Bonnie","TS","01 Jul–02 Jul",50,996,0.8,5,0,"Final",2022,"Atlantic","https://www.nhc.noaa.gov/data/tcr/index.php?season=2022&basin=atl"
"1232",3,"Colin","TS","01 Jul–02 Jul",35,1011,0.4,1,0,"Final",2022,"Atlantic","https://www.nhc.noaa.gov/data/tcr/index.php?season=2022&basin=atl"
"1233",4,"Four","PTC","19 Aug–21 Aug",30,1009,0,NA,NA,"Final",2022,"Atlantic","https://www.nhc.noaa.gov/data/tcr/index.php?season=2022&basin=atl"
"1234",5,"Danielle","HU","01 Sep–08 Sep",75,972,12,0,0,"Final",2022,"Atlantic","https://www.nhc.noaa.gov/data/tcr/index.php?season=2022&basin=atl"
"1235",6,"Earl","HU","02 Sep–10 Sep",95,948,14.7,2,0,"Final",2022,"Atlantic","https://www.nhc.noaa.gov/data/tcr/index.php?season=2022&basin=atl"
"1236",7,"Fiona","MH","14 Sep–23 Sep",120,931,26.6,7,2500,"Final",2022,"Atlantic","https://www.nhc.noaa.gov/data/tcr/index.php?season=2022&basin=atl"
"1237",8,"Gaston","TS","20 Sep–25 Sep",55,994,5.1,0,0,"Final",2022,"Atlantic","https://www.nhc.noaa.gov/data/tcr/index.php?season=2022&basin=atl"
"1238",9,"Ian","MH","23 Sep–30 Sep",140,937,17.5,66,112900,"Final",2022,"Atlantic","https://www.nhc.noaa.gov/data/tcr/index.php?season=2022&basin=atl"
"1239",10,"Hermine","TS","23 Sep–24 Sep",35,1003,0.4,0,0,"Final",2022,"Atlantic","https://www.nhc.noaa.gov/data/tcr/index.php?season=2022&basin=atl"
"1240",11,"Eleven","TD","28 Sep–29 Sep",30,1008,0,0,0,"Final",2022,"Atlantic","https://www.nhc.noaa.gov/data/tcr/index.php?season=2022&basin=atl"
"1241",12,"Twelve","TD","04 Oct–06 Oct",30,1007,0,0,0,"Final",2022,"Atlantic","https://www.nhc.noaa.gov/data/tcr/index.php?season=2022&basin=atl"
"1242",13,"Julia","HU","07 Oct–09 Oct",75,982,3,35,0,"Final",2022,"Atlantic","https://www.nhc.noaa.gov/data/tcr/index.php?season=2022&basin=atl"
"1243",14,"Karl","TS","11 Oct–14 Oct",50,997,2.1,3,0,"Final",2022,"Atlantic","https://www.nhc.noaa.gov/data/tcr/index.php?season=2022&basin=atl"
"1244",15,"Lisa","HU","31 Oct–05 Nov",80,985,3.4,0,0,"Final",2022,"Atlantic","https://www.nhc.noaa.gov/data/tcr/index.php?season=2022&basin=atl"
"1245",16,"Martin","HU","01 Nov–03 Nov",75,965,3,0,0,"Final",2022,"Atlantic","https://www.nhc.noaa.gov/data/tcr/index.php?season=2022&basin=atl"
"1246",17,"Nicole","HU","07 Nov–11 Nov",65,980,4.1,0,1000,"Final",2022,"Atlantic","https://www.nhc.noaa.gov/data/tcr/index.php?season=2022&basin=atl"
"1247",1,"Agatha","HU","28 May–31 May",95,964,6.7,9,0,"Final",2022,"Eastern Pacific","https://www.nhc.noaa.gov/data/tcr/index.php?season=2022&basin=epac"
"1248",2,"Blas","HU","14 Jun–19 Jun",75,978,7.9,0,0,"Final",2022,"Eastern Pacific","https://www.nhc.noaa.gov/data/tcr/index.php?season=2022&basin=epac"
"1249",3,"Celia","TS","16 Jun–28 Jun",50,997,5.7,0,0,"Final",2022,"Eastern Pacific","https://www.nhc.noaa.gov/data/tcr/index.php?season=2022&basin=epac"
"1250",4,"Bonnie","MH","02 Jul–09 Jul",100,964,15.5,5,0,"Final",2022,"Eastern Pacific","https://www.nhc.noaa.gov/data/tcr/index.php?season=2022&basin=epac"
"1251",5,"Darby","MH","09 Jul–17 Jul",120,953,15.2,0,0,"Final",2022,"Eastern Pacific","https://www.nhc.noaa.gov/data/tcr/index.php?season=2022&basin=epac"
"1252",6,"Estelle","HU","15 Jul–21 Jul",75,985,7.5,0,0,"Final",2022,"Eastern Pacific","https://www.nhc.noaa.gov/data/tcr/index.php?season=2022&basin=epac"
"1253",7,"Frank","HU","26 Jul–02 Aug",80,976,9.3,0,0,"Final",2022,"Eastern Pacific","https://www.nhc.noaa.gov/data/tcr/index.php?season=2022&basin=epac"
"1254",8,"Georgette","TS","27 Jul–03 Aug",50,998,3.1,0,0,"Final",2022,"Eastern Pacific","https://www.nhc.noaa.gov/data/tcr/index.php?season=2022&basin=epac"
"1255",9,"Howard","HU","06 Aug–10 Aug",75,983,4.4,0,0,"Final",2022,"Eastern Pacific","https://www.nhc.noaa.gov/data/tcr/index.php?season=2022&basin=epac"
"1256",10,"Ivette","TS","13 Aug–16 Aug",35,1005,0.2,0,0,"Final",2022,"Eastern Pacific","https://www.nhc.noaa.gov/data/tcr/index.php?season=2022&basin=epac"
"1257",11,"Javier","TS","01 Sep–03 Sep",45,999,1.1,0,0,"Final",2022,"Eastern Pacific","https://www.nhc.noaa.gov/data/tcr/index.php?season=2022&basin=epac"
"1258",12,"Kay","HU","04 Sep–09 Sep",85,968,8.5,5,0,"Final",2022,"Eastern Pacific","https://www.nhc.noaa.gov/data/tcr/index.php?season=2022&basin=epac"
"1259",13,"Lester","TS","15 Sep–17 Sep",35,1005,0.6,1,0,"Final",2022,"Eastern Pacific","https://www.nhc.noaa.gov/data/tcr/index.php?season=2022&basin=epac"
"1260",14,"Madeline","TS","16 Sep–20 Sep",55,991,2.4,2,0,"Final",2022,"Eastern Pacific","https://www.nhc.noaa.gov/data/tcr/index.php?season=2022&basin=epac"
"1261",15,"Newton","TS","21 Sep–25 Sep",55,997,2.3,0,0,"Final",2022,"Eastern Pacific","https://www.nhc.noaa.gov/data/tcr/index.php?season=2022&basin=epac"
"1262",16,"Orlene","MH","28 Sep–03 Oct",115,954,9.9,0,0,"Final",2022,"Eastern Pacific","https://www.nhc.noaa.gov/data/tcr/index.php?season=2022&basin=epac"
"1263",17,"Paine","TS","03 Oct–05 Oct",40,1005,0.8,0,0,"Final",2022,"Eastern Pacific","https://www.nhc.noaa.gov/data/tcr/index.php?season=2022&basin=epac"
"1264",18,"Julia","TS","10 Oct–10 Oct",40,993,0.3,35,0,"Final",2022,"Eastern Pacific","https://www.nhc.noaa.gov/data/tcr/index.php?season=2022&basin=epac"
"1265",19,"Roslyn","MH","20 Oct–23 Oct",115,954,9.4,3,0,"Final",2022,"Eastern Pacific","https://www.nhc.noaa.gov/data/tcr/index.php?season=2022&basin=epac"
"1266",5,"Darby","MH^","09 Jul–17 Jul",120,953,3.9,NA,NA,NA,2022,"Central Pacific","https://www.nhc.noaa.gov/data/tcr/index.php?season=2022&basin=cpac"
"1267",1,"Unnamed","SS","16 Jan–17 Jan",60,976,1.4,0,0,"Final",2023,"Atlantic","https://www.nhc.noaa.gov/data/tcr/index.php?season=2023&basin=atl"
"1268",2,"Arlene","TS","01 Jun–03 Jun",35,998,0.5,0,0,"Final",2023,"Atlantic","https://www.nhc.noaa.gov/data/tcr/index.php?season=2023&basin=atl"
"1269",3,"Bret","TS","19 Jun–24 Jun",60,996,4.5,0,0,"Final",2023,"Atlantic","https://www.nhc.noaa.gov/data/tcr/index.php?season=2023&basin=atl"
"1270",4,"Cindy","TS","22 Jun–26 Jun",50,1004,2.5,0,0,"Final",2023,"Atlantic","https://www.nhc.noaa.gov/data/tcr/index.php?season=2023&basin=atl"
"1271",5,"Don","HU","14 Jul–24 Jul",65,986,6.7,0,0,"Final",2023,"Atlantic","https://www.nhc.noaa.gov/data/tcr/index.php?season=2023&basin=atl"
"1272",6,"Gert","TS","19 Aug–04 Sep",50,998,2.7,0,0,"Final",2023,"Atlantic","https://www.nhc.noaa.gov/data/tcr/index.php?season=2023&basin=atl"
"1273",7,"Emily","TS","20 Aug–21 Aug",45,998,0.8,0,0,"Final",2023,"Atlantic","https://www.nhc.noaa.gov/data/tcr/index.php?season=2023&basin=atl"
"1274",8,"Franklin","MH","20 Aug–01 Sep",130,926,26.4,3,0,"Final",2023,"Atlantic","https://www.nhc.noaa.gov/data/tcr/index.php?season=2023&basin=atl"
"1275",9,"Harold","TS","21 Aug–23 Aug",50,995,0.6,0,0,"Final",2023,"Atlantic","https://www.nhc.noaa.gov/data/tcr/index.php?season=2023&basin=atl"
"1276",10,"Idalia","MH","26 Aug–31 Aug",115,942,7.1,8,3600,"Final",2023,"Atlantic","https://www.nhc.noaa.gov/data/tcr/index.php?season=2023&basin=atl"
"1277",11,"Jose","TS","29 Aug–01 Sep",55,996,1.8,0,0,"Final",2023,"Atlantic","https://www.nhc.noaa.gov/data/tcr/index.php?season=2023&basin=atl"
"1278",12,"Katia","TS","31 Aug–04 Sep",50,998,1.3,0,0,"Final",2023,"Atlantic","https://www.nhc.noaa.gov/data/tcr/index.php?season=2023&basin=atl"
"1279",13,"Lee","MH","05 Sep–16 Sep",145,926,36.7,4,0,"Final",2023,"Atlantic","https://www.nhc.noaa.gov/data/tcr/index.php?season=2023&basin=atl"
"1280",14,"Margot","HU","07 Sep–16 Sep",80,969,12.5,0,0,"Final",2023,"Atlantic","https://www.nhc.noaa.gov/data/tcr/index.php?season=2023&basin=atl"
"1281",15,"Nigel","HU","15 Sep–22 Sep",85,971,10.5,0,0,"Final",2023,"Atlantic","https://www.nhc.noaa.gov/data/tcr/index.php?season=2023&basin=atl"
"1282",16,"Ophelia","TS","22 Sep–23 Sep",60,981,1.5,0,450,"Final",2023,"Atlantic","https://www.nhc.noaa.gov/data/tcr/index.php?season=2023&basin=atl"
"1283",17,"Philippe","TS","23 Sep–06 Oct",50,998,9.6,0,0,"Final",2023,"Atlantic","https://www.nhc.noaa.gov/data/tcr/index.php?season=2023&basin=atl"
"1284",18,"Rina","TS","28 Sep–01 Oct",45,999,2.2,0,0,"Final",2023,"Atlantic","https://www.nhc.noaa.gov/data/tcr/index.php?season=2023&basin=atl"
"1285",19,"Sean","TS","10 Oct–15 Oct",40,1005,1.3,0,0,"Final",2023,"Atlantic","https://www.nhc.noaa.gov/data/tcr/index.php?season=2023&basin=atl"
"1286",20,"Tammy","HU","18 Oct–28 Oct",95,965,17.4,0,0,"Final",2023,"Atlantic","https://www.nhc.noaa.gov/data/tcr/index.php?season=2023&basin=atl"
"1287",21,"Twenty-One","TD","23 Oct–24 Oct",25,1007,0,0,0,"Final",2023,"Atlantic","https://www.nhc.noaa.gov/data/tcr/index.php?season=2023&basin=atl"
"1288",22,"Twenty-Two","PTC","16 Nov–18 Nov",30,1004,0,0,0,"Final",2023,"Atlantic","https://www.nhc.noaa.gov/data/tcr/index.php?season=2023&basin=atl"
"1289",1,"Adrian","HU","27 Jun–02 Jul",90,970,8.8,0,0,"Final",2023,"Eastern Pacific","https://www.nhc.noaa.gov/data/tcr/index.php?season=2023&basin=epac"
"1290",2,"Beatriz","HU","29 Jun–01 Jul",75,992,2.6,0,0,"Final",2023,"Eastern Pacific","https://www.nhc.noaa.gov/data/tcr/index.php?season=2023&basin=epac"
"1291",3,"Calvin","MH","11 Jul–19 Jul",110,953,12.7,0,0,"Final",2023,"Eastern Pacific","https://www.nhc.noaa.gov/data/tcr/index.php?season=2023&basin=epac"
"1292",4,"Four-E","TD","20 Jul–21 Jul",30,1006,0,0,0,"Final",2023,"Eastern Pacific","https://www.nhc.noaa.gov/data/tcr/index.php?season=2023&basin=epac"
"1293",5,"Dora","MH","31 Jul–17 Aug",130,939,21.8,0,0,"Final",2023,"Eastern Pacific","https://www.nhc.noaa.gov/data/tcr/index.php?season=2023&basin=epac"
"1294",6,"Eugene","TS","05 Aug–07 Aug",60,992,1.9,0,0,"Final",2023,"Eastern Pacific","https://www.nhc.noaa.gov/data/tcr/index.php?season=2023&basin=epac"
"1295",7,"Fernanda","MH","12 Aug–17 Aug",115,949,11.3,0,0,"Final",2023,"Eastern Pacific","https://www.nhc.noaa.gov/data/tcr/index.php?season=2023&basin=epac"
"1296",8,"Greg","TS^","14 Aug–18 Aug",55,994,0.1,0,0,"Final",2023,"Eastern Pacific","https://www.nhc.noaa.gov/data/tcr/index.php?season=2023&basin=epac"
"1297",9,"Hilary","MH","16 Aug–20 Aug",120,940,13.2,3,900,"Final",2023,"Eastern Pacific","https://www.nhc.noaa.gov/data/tcr/index.php?season=2023&basin=epac"
"1298",10,"Irwin","TS","26 Aug–29 Aug",40,998,1.1,0,0,"Final",2023,"Eastern Pacific","https://www.nhc.noaa.gov/data/tcr/index.php?season=2023&basin=epac"
"1299",11,"Jova","MH","04 Sep–10 Sep",140,926,16.1,0,0,"Final",2023,"Eastern Pacific","https://www.nhc.noaa.gov/data/tcr/index.php?season=2023&basin=epac"
"1300",12,"Twelve-E","TD","15 Sep–18 Sep",30,1006,0,0,0,"Final",2023,"Eastern Pacific","https://www.nhc.noaa.gov/data/tcr/index.php?season=2023&basin=epac"
"1301",13,"Kenneth","TS","19 Sep–22 Sep",45,1000,1.8,0,0,"Final",2023,"Eastern Pacific","https://www.nhc.noaa.gov/data/tcr/index.php?season=2023&basin=epac"
"1302",14,"Fourteen-E","TD","23 Sep–24 Sep",30,1006,0,0,0,"Final",2023,"Eastern Pacific","https://www.nhc.noaa.gov/data/tcr/index.php?season=2023&basin=epac"
"1303",15,"Lidia","MH","03 Oct–11 Oct",120,942,12,3,0,"Final",2023,"Eastern Pacific","https://www.nhc.noaa.gov/data/tcr/index.php?season=2023&basin=epac"
"1304",16,"Max","TS","08 Oct–10 Oct",60,990,1.2,2,0,"Final",2023,"Eastern Pacific","https://www.nhc.noaa.gov/data/tcr/index.php?season=2023&basin=epac"
"1305",17,"Norma","MH","17 Oct–23 Oct",115,939,14.9,0,0,"Final",2023,"Eastern Pacific","https://www.nhc.noaa.gov/data/tcr/index.php?season=2023&basin=epac"
"1306",18,"Otis","MH","22 Oct–25 Oct",145,922,7.4,52,0,"Final",2023,"Eastern Pacific","https://www.nhc.noaa.gov/data/tcr/index.php?season=2023&basin=epac"
"1307",19,"Pilar","TS","28 Oct–05 Nov",55,995,5.4,4,0,"Final",2023,"Eastern Pacific","https://www.nhc.noaa.gov/data/tcr/index.php?season=2023&basin=epac"
"1308",20,"Ramon","TS","21 Nov–26 Nov",40,1002,0.9,0,0,"Final",2023,"Eastern Pacific","https://www.nhc.noaa.gov/data/tcr/index.php?season=2023&basin=epac"
"1309",3,"Calvin","MH^","11 Jul–19 Jul",110,953,1.7,NA,NA,NA,2023,"Central Pacific","https://www.nhc.noaa.gov/data/tcr/index.php?season=2023&basin=cpac"
"1310",5,"Dora","MH^","31 Jul–17 Aug",130,939,28.1,NA,NA,NA,2023,"Central Pacific","https://www.nhc.noaa.gov/data/tcr/index.php?season=2023&basin=cpac"
"1311",7,"Fernanda","MH^","12 Aug–17 Aug",115,949,0,NA,NA,NA,2023,"Central Pacific","https://www.nhc.noaa.gov/data/tcr/index.php?season=2023&basin=cpac"
"1312",8,"Greg","TS","14 Aug–18 Aug",55,994,3,NA,NA,NA,2023,"Central Pacific","https://www.nhc.noaa.gov/data/tcr/index.php?season=2023&basin=cpac"
"1313",10,"Irwin","TS^","26 Aug–29 Aug",40,998,0,NA,NA,NA,2023,"Central Pacific","https://www.nhc.noaa.gov/data/tcr/index.php?season=2023&basin=cpac"
"1314",11,"Jova","MH^","04 Sep–10 Sep",140,926,0,NA,NA,NA,2023,"Central Pacific","https://www.nhc.noaa.gov/data/tcr/index.php?season=2023&basin=cpac"
"1315",12,"Twelve-C","TD^","15 Sep–18 Sep",30,1006,0,NA,NA,NA,2023,"Central Pacific","https://www.nhc.noaa.gov/data/tcr/index.php?season=2023&basin=cpac"
"1316",14,"Fourteen-C","TD^","23 Sep–24 Sep",30,1006,0,NA,NA,NA,2023,"Central Pacific","https://www.nhc.noaa.gov/data/tcr/index.php?season=2023&basin=cpac"
"1317",1,"Alberto","TS","19 Jun–20 Jun",45,992,0.8,2,125,"Final",2024,"Atlantic","https://www.nhc.noaa.gov/data/tcr/index.php?season=2024&basin=atl"
"1318",2,"Beryl","MH","28 Jun–09 Jul",145,932,34.5,35,7200,"Final",2024,"Atlantic","https://www.nhc.noaa.gov/data/tcr/index.php?season=2024&basin=atl"
"1319",3,"Chris","TS","30 Jun–01 Jul",40,1005,0.1,5,0,"Final",2024,"Atlantic","https://www.nhc.noaa.gov/data/tcr/index.php?season=2024&basin=atl"
"1320",4,"Debby","HU","03 Aug–08 Aug",70,979,4.9,12,2500,"Final",2024,"Atlantic","https://www.nhc.noaa.gov/data/tcr/index.php?season=2024&basin=atl"
"1321",5,"Ernesto","HU","12 Aug–20 Aug",85,967,14.4,3,0,"Final",2024,"Atlantic","https://www.nhc.noaa.gov/data/tcr/index.php?season=2024&basin=atl"
"1322",6,"Francine","HU","09 Sep–12 Sep",90,972,4.8,0,1300,"Final",2024,"Atlantic","https://www.nhc.noaa.gov/data/tcr/index.php?season=2024&basin=atl"
"1323",7,"Gordon","TS","11 Sep–17 Sep",40,1004,1.3,0,0,"Final",2024,"Atlantic","https://www.nhc.noaa.gov/data/tcr/index.php?season=2024&basin=atl"
"1324",8,"Eight","PTC","15 Sep–17 Sep",50,1004,0,NA,NA,"Final",2024,"Atlantic","https://www.nhc.noaa.gov/data/tcr/index.php?season=2024&basin=atl"
"1325",9,"Helene","MH","24 Sep–27 Sep",120,939,7,176,78700,"Final",2024,"Atlantic","https://www.nhc.noaa.gov/data/tcr/index.php?season=2024&basin=atl"
"1326",10,"Isaac","HU","25 Sep–30 Sep",90,963,7.9,0,0,"Final",2024,"Atlantic","https://www.nhc.noaa.gov/data/tcr/index.php?season=2024&basin=atl"
"1327",11,"Joyce","TS","27 Sep–30 Sep",45,1001,1.7,0,0,"Final",2024,"Atlantic","https://www.nhc.noaa.gov/data/tcr/index.php?season=2024&basin=atl"
"1328",12,"Kirk","MH","29 Sep–07 Oct",130,928,23.7,0,0,"Final",2024,"Atlantic","https://www.nhc.noaa.gov/data/tcr/index.php?season=2024&basin=atl"
"1329",13,"Leslie","HU","02 Oct–12 Oct",90,970,16.1,0,0,"Final",2024,"Atlantic","https://www.nhc.noaa.gov/data/tcr/index.php?season=2024&basin=atl"
"1330",14,"Milton","MH","05 Oct–10 Oct",155,895,22.5,15,34300,"Final",2024,"Atlantic","https://www.nhc.noaa.gov/data/tcr/index.php?season=2024&basin=atl"
"1331",15,"Nadine","TS","19 Oct–20 Oct",50,1002,0.7,7,0,"Final",2024,"Atlantic","https://www.nhc.noaa.gov/data/tcr/index.php?season=2024&basin=atl"
"1332",16,"Oscar","HU","19 Oct–22 Oct",75,984,4.5,8,0,"Final",2024,"Atlantic","https://www.nhc.noaa.gov/data/tcr/index.php?season=2024&basin=atl"
"1333",17,"Patty","TS","01 Nov–04 Nov",55,982,2.3,0,0,"Final",2024,"Atlantic","https://www.nhc.noaa.gov/data/tcr/index.php?season=2024&basin=atl"
"1334",18,"Rafael","MH","04 Nov–10 Nov",105,954,12.3,2,0,"Final",2024,"Atlantic","https://www.nhc.noaa.gov/data/tcr/index.php?season=2024&basin=atl"
"1335",19,"Sara","TS","14 Nov–18 Nov",45,997,2,9,0,"Final",2024,"Atlantic","https://www.nhc.noaa.gov/data/tcr/index.php?season=2024&basin=atl"
"1336",1,"Aletta","TS","04 Jul–05 Jul",35,1005,0.4,0,0,"Final",2024,"Eastern Pacific","https://www.nhc.noaa.gov/data/tcr/index.php?season=2024&basin=epac"
"1337",2,"Bud","TS","24 Jul–26 Jul",50,1001,1.2,0,0,"Final",2024,"Eastern Pacific","https://www.nhc.noaa.gov/data/tcr/index.php?season=2024&basin=epac"
"1338",3,"Carlotta","HU","31 Jul–05 Aug",80,979,8,0,0,"Final",2024,"Eastern Pacific","https://www.nhc.noaa.gov/data/tcr/index.php?season=2024&basin=epac"
"1339",4,"Daniel","TS","03 Aug–05 Aug",35,1005,1.2,0,0,"Final",2024,"Eastern Pacific","https://www.nhc.noaa.gov/data/tcr/index.php?season=2024&basin=epac"
"1340",5,"Emilia","TS","04 Aug–08 Aug",60,988,3.6,0,0,"Final",2024,"Eastern Pacific","https://www.nhc.noaa.gov/data/tcr/index.php?season=2024&basin=epac"
"1341",6,"Fabio","TS","05 Aug–07 Aug",55,996,1.9,0,0,"Final",2024,"Eastern Pacific","https://www.nhc.noaa.gov/data/tcr/index.php?season=2024&basin=epac"
"1342",7,"Gilma","MH","18 Aug–29 Aug",115,950,26.1,0,0,"Final",2024,"Eastern Pacific","https://www.nhc.noaa.gov/data/tcr/index.php?season=2024&basin=epac"
"1343",8,"Hector","TS","25 Aug–28 Aug",50,998,2.5,0,0,"Final",2024,"Eastern Pacific","https://www.nhc.noaa.gov/data/tcr/index.php?season=2024&basin=epac"
"1344",9,"Ileana","TS","12 Sep–15 Sep",45,997,1.6,0,0,"Final",2024,"Eastern Pacific","https://www.nhc.noaa.gov/data/tcr/index.php?season=2024&basin=epac"
"1345",10,"John","MH","22 Sep–27 Sep",105,956,6.1,29,0,"Final",2024,"Eastern Pacific","https://www.nhc.noaa.gov/data/tcr/index.php?season=2024&basin=epac"
"1346",11,"Unnamed","TS","01 Oct–03 Oct",35,1001,0.7,2,0,"Final",2024,"Eastern Pacific","https://www.nhc.noaa.gov/data/tcr/index.php?season=2024&basin=epac"
"1347",12,"Kristy","MH","21 Oct–27 Oct",140,926,21.4,0,0,"Final",2024,"Eastern Pacific","https://www.nhc.noaa.gov/data/tcr/index.php?season=2024&basin=epac"
"1348",13,"Lane","TS","01 Nov–03 Nov",40,1004,0.6,0,0,"Final",2024,"Eastern Pacific","https://www.nhc.noaa.gov/data/tcr/index.php?season=2024&basin=epac"
"1349",14,"Fourteen-E","TD","05 Nov–07 Nov",30,1006,0,0,0,"Final",2024,"Eastern Pacific","https://www.nhc.noaa.gov/data/tcr/index.php?season=2024&basin=epac"
"1350",7,"Gilma","MH^","18 Aug–29 Aug",115,950,1.8,NA,NA,NA,2024,"Central Pacific","https://www.nhc.noaa.gov/data/tcr/index.php?season=2024&basin=cpac"
"1351",1,"Hone","HU","22 Aug–01 Sep",75,988,7.9,NA,NA,NA,2024,"Central Pacific","https://www.nhc.noaa.gov/data/tcr/index.php?season=2024&basin=cpac"
